SP_ID,wbID,stroke_exp,pop,y,Townsend.class,NOx.class,Townsend,NOx
05CGFA01,630,2.620953252,931.65,3,"[-6.54,-2.07]","(41.4,53.6]",1,2
05CGFA02,421,1.989744187,710.36,1,"(-2.07,0.086]","(82.1,243]",2,5
05CGFA03,143,2.286056033,654.12,3,"(0.086,3.11]","(82.1,243]",3,5
05CGFA04,676,2.151745813,1109.37,0,"(-2.07,0.086]","(82.1,243]",2,5
05CGFA05,661,4.380834231,1159.31,1,"(-2.07,0.086]","(53.6,64.8]",2,3
05CGFA06,878,3.09495364,1020.21,5,"[-6.54,-2.07]","(53.6,64.8]",1,3
05CGFA07,415,8.524773222,1513.75,1,"(0.086,3.11]","(41.4,53.6]",3,2
05CGFA08,884,3.966622776,1159.66,11,"(-2.07,0.086]","(41.4,53.6]",2,2
05CGFA09,153,2.156440443,1219.78,1,"(-2.07,0.086]","(53.6,64.8]",2,3
05CGFA10,712,2.522882198,1068.9,3,"(-2.07,0.086]","(64.8,82.1]",2,4
05CGFA11,62,2.566883456,1374.69,4,"(0.086,3.11]","(64.8,82.1]",3,4
05CGFA12,713,3.262822757,898.04,3,"(-2.07,0.086]","(64.8,82.1]",2,4
05CGFA13,117,5.220843245,1510.25,12,"[-6.54,-2.07]","(53.6,64.8]",1,3
05CGFA14,423,4.41029567,1184.51,2,"[-6.54,-2.07]","(53.6,64.8]",1,3
05CGFA15,60,2.925478267,833.92,2,"(-2.07,0.086]","(53.6,64.8]",2,3
05CGFA16,112,2.375707574,918.65,2,"[-6.54,-2.07]","(64.8,82.1]",1,4
05CGFA17,422,2.687291984,914.03,5,"(-2.07,0.086]","(53.6,64.8]",2,3
05CGFA18,510,3.122287537,987.69,1,"(-2.07,0.086]","(53.6,64.8]",2,3
05CGFA19,509,2.866227583,798.07,1,"(-2.07,0.086]","(64.8,82.1]",2,4
05CGFA20,696,2.302691407,564.55,2,"[-6.54,-2.07]","(64.8,82.1]",1,4
05CGFA21,902,3.735562341,1129.16,2,"[-6.54,-2.07]","(41.4,53.6]",1,2
05CGFA22,369,6.217194176,1669.95,4,"[-6.54,-2.07]","(53.6,64.8]",1,3
05CGFA23,482,2.212298028,880.54,1,"[-6.54,-2.07]","(64.8,82.1]",1,4
05CGFA24,687,3.761081556,1087.31,3,"(-2.07,0.086]","(41.4,53.6]",2,2
05CGFA25,688,4.561301587,1352.17,5,"[-6.54,-2.07]","(41.4,53.6]",1,2
05CGFA26,107,6.579259254,1762.42,4,"(0.086,3.11]","(41.4,53.6]",3,2
05CGFA27,693,2.742550738,1103.37,1,"[-6.54,-2.07]","[7.8,41.4]",1,1
05CGFA28,695,3.756467469,1192.45,1,"[-6.54,-2.07]","(41.4,53.6]",1,2
05CGFA29,360,3.433368817,1007.64,4,"(-2.07,0.086]","(41.4,53.6]",2,2
05CGFA30,886,2.895123925,1372.79,4,"[-6.54,-2.07]","(53.6,64.8]",1,3
05CGFA31,685,8.996857971,1530.43,1,"(3.11,5.44]","(53.6,64.8]",4,3
05CGFA32,530,3.387399888,1065.66,3,"[-6.54,-2.07]","(41.4,53.6]",1,2
05CGFA33,699,3.539841212,1076.52,0,"[-6.54,-2.07]","[7.8,41.4]",1,1
05CGFA34,700,2.132736271,885.19,3,"[-6.54,-2.07]","[7.8,41.4]",1,1
05CGFA35,703,3.519830883,1070.29,1,"[-6.54,-2.07]","[7.8,41.4]",1,1
05CGFA36,523,5.809177097,1097.96,2,"(-2.07,0.086]","[7.8,41.4]",2,1
05CGFA37,409,5.451914813,1461.01,3,"(0.086,3.11]","[7.8,41.4]",3,1
05CGFB01,43,2.06972481,709.38,3,"[-6.54,-2.07]","(41.4,53.6]",1,2
05CGFB02,901,3.024847707,880.06,0,"(-2.07,0.086]","(41.4,53.6]",2,2
05CGFB03,42,1.082211401,1060.55,0,"(5.44,9.2]","(41.4,53.6]",5,2
05CGFB04,121,2.692640944,947.03,4,"(5.44,9.2]","(53.6,64.8]",5,3
05CGFB05,904,2.34143402,627.55,0,"[-6.54,-2.07]","(53.6,64.8]",1,3
05CGFB06,406,2.037496072,1076.63,0,"(3.11,5.44]","(41.4,53.6]",4,2
05CGFB07,216,2.435107128,1027.11,1,"(3.11,5.44]","(41.4,53.6]",4,2
05CGFB08,891,1.843634253,1055.82,2,"(3.11,5.44]","(41.4,53.6]",4,2
05CGFB09,697,3.411378324,776.24,3,"(-2.07,0.086]","(41.4,53.6]",2,2
05CGFB10,405,2.521833972,721.08,3,"[-6.54,-2.07]","(41.4,53.6]",1,2
05CGFB11,122,1.693702595,715.92,1,"[-6.54,-2.07]","(41.4,53.6]",1,2
05CGFB12,213,2.824806139,1404.78,1,"(0.086,3.11]","(41.4,53.6]",3,2
05CGFB13,445,1.973635005,1028.35,3,"(0.086,3.11]","[7.8,41.4]",3,1
05CGFB14,432,4.126256364,1196.73,2,"(3.11,5.44]","(41.4,53.6]",4,2
05CGFB15,193,5.431024932,1393.34,5,"(0.086,3.11]","[7.8,41.4]",3,1
05CGFB16,194,3.538356486,915.94,2,"(-2.07,0.086]","[7.8,41.4]",2,1
05CGFB17,195,4.89895981,1518.71,9,"(3.11,5.44]","(41.4,53.6]",4,2
05CGFB18,716,4.37934688,1568.39,2,"(3.11,5.44]","(41.4,53.6]",4,2
05CGFB19,19,3.459946357,1540.14,4,"(3.11,5.44]","[7.8,41.4]",4,1
05CGFB20,198,7.366607726,1240.24,7,"(3.11,5.44]","[7.8,41.4]",4,1
05CGFB21,728,2.348163704,1037.13,2,"(-2.07,0.086]","(41.4,53.6]",2,2
05CGFB22,201,3.08113251,1309.76,2,"(3.11,5.44]","[7.8,41.4]",4,1
05CGFB23,207,3.138915142,1440.34,3,"(-2.07,0.086]","[7.8,41.4]",2,1
05CGFB24,384,2.913207954,1267.63,2,"(0.086,3.11]","[7.8,41.4]",3,1
05CGFB25,656,3.681543233,1301.21,2,"(0.086,3.11]","(41.4,53.6]",3,2
05CGFB26,239,4.943524165,1210.65,3,"(5.44,9.2]","(41.4,53.6]",5,2
05CGFB27,383,2.260948398,1096.29,1,"(3.11,5.44]","(41.4,53.6]",4,2
05CGFB28,670,2.996309049,1168.91,2,"[-6.54,-2.07]","(41.4,53.6]",1,2
05CGFB29,637,3.542126896,1215.4,3,"[-6.54,-2.07]","(64.8,82.1]",1,4
05CGFB30,390,4.90092261,1355.47,1,"(0.086,3.11]","(41.4,53.6]",3,2
05CGFB31,395,3.077215378,1333.6,5,"(3.11,5.44]","[7.8,41.4]",4,1
05CGFB32,381,0.93548615,935.6,2,"(3.11,5.44]","(41.4,53.6]",4,2
05CGFB33,628,2.667502792,1216.16,5,"(-2.07,0.086]","(41.4,53.6]",2,2
05CGFB34,694,2.357107493,1130.1,0,"[-6.54,-2.07]","[7.8,41.4]",1,1
05CGFB35,723,2.844324826,1292.53,2,"(0.086,3.11]","(41.4,53.6]",3,2
05CGFB36,619,2.04552703,1433.69,1,"[-6.54,-2.07]","[7.8,41.4]",1,1
05CGFB37,651,1.622616542,1615.74,0,"(-2.07,0.086]","[7.8,41.4]",2,1
05CGFC01,134,2.843667955,871.71,2,"(3.11,5.44]","(64.8,82.1]",4,4
05CGFC02,103,3.998839382,1119.7,2,"(3.11,5.44]","(64.8,82.1]",4,4
05CGFC03,187,3.207453801,998.8,2,"(3.11,5.44]","(64.8,82.1]",4,4
05CGFC04,702,3.930291914,1052.83,2,"(5.44,9.2]","(53.6,64.8]",5,3
05CGFC05,907,4.083830067,1124.43,8,"(3.11,5.44]","(53.6,64.8]",4,3
05CGFC06,29,3.785640342,1232.14,2,"(3.11,5.44]","(53.6,64.8]",4,3
05CGFC07,84,3.167515664,1076.79,2,"(0.086,3.11]","(53.6,64.8]",3,3
05CGFC08,355,2.366070114,928.11,2,"(3.11,5.44]","(53.6,64.8]",4,3
05CGFC09,565,1.67895862,679.28,0,"(3.11,5.44]","(64.8,82.1]",4,4
05CGFC10,182,1.460346436,964.17,1,"(-2.07,0.086]","(82.1,243]",2,5
05CGFC11,357,1.34186063,946.65,1,"(-2.07,0.086]","(82.1,243]",2,5
05CGFC12,359,1.611993358,1213.82,13,"(-2.07,0.086]","(82.1,243]",2,5
05CGFC13,186,5.142650327,1279.04,4,"(3.11,5.44]","(82.1,243]",4,5
05CGFC14,567,1.373415067,685.86,0,"(0.086,3.11]","(82.1,243]",3,5
05CGFC15,154,4.083615706,948.13,6,"(0.086,3.11]","(82.1,243]",3,5
05CGFC16,164,2.418094662,960.34,5,"(0.086,3.11]","(64.8,82.1]",3,4
05CGFC17,167,2.571820872,1068.96,3,"(-2.07,0.086]","(64.8,82.1]",2,4
05CGFC18,380,2.420617683,918.25,0,"(3.11,5.44]","(64.8,82.1]",4,4
05CGFC19,12,2.604536806,957.13,3,"(5.44,9.2]","(64.8,82.1]",5,4
05CGFC20,365,1.472068731,1193.54,2,"[-6.54,-2.07]","(82.1,243]",1,5
05CGFC21,156,0.251063919,540.22,1,"[-6.54,-2.07]","(82.1,243]",1,5
05CGFC22,714,2.640057677,695.57,1,"(3.11,5.44]","(64.8,82.1]",4,4
05CGFC23,889,1.076426881,519.86,0,"(5.44,9.2]","(64.8,82.1]",5,4
05CGFC24,691,0.627928716,705.69,1,"[-6.54,-2.07]","(82.1,243]",1,5
05CGFC25,546,1.888240238,861.59,0,"(3.11,5.44]","(82.1,243]",4,5
05CGFC26,188,0.26241007,565.19,1,"(-2.07,0.086]","(82.1,243]",2,5
05CGFC27,368,0.311300287,831.98,0,"(-2.07,0.086]","(82.1,243]",2,5
05CGFC29,717,0.658593337,600.38,0,"(-2.07,0.086]","(82.1,243]",2,5
05CGFC30,894,0.75599793,651.38,1,"(0.086,3.11]","(82.1,243]",3,5
05CGFC31,129,2.439421363,896.68,3,"(0.086,3.11]","(82.1,243]",3,5
05CGFC32,373,1.861836946,639.16,1,"(0.086,3.11]","(82.1,243]",3,5
05CGFD01,555,1.435942344,635.3,1,"(-2.07,0.086]","(64.8,82.1]",2,4
05CGFD02,893,3.73025411,921.37,5,"(-2.07,0.086]","(82.1,243]",2,5
05CGFD03,890,1.286642914,332.1,0,"(0.086,3.11]","(64.8,82.1]",3,4
05CGFD04,721,3.126682786,744.69,6,"(-2.07,0.086]","(64.8,82.1]",2,4
05CGFD05,556,2.575228914,598.39,0,"(0.086,3.11]","(82.1,243]",3,5
05CGFD06,1017,1.016690355,155.24,0,"(5.44,9.2]","(82.1,243]",5,5
05CGFD07,942,1.094155769,413.79,0,"(3.11,5.44]","(82.1,243]",4,5
05CGFD08,996,1.645749929,270.46,0,"(3.11,5.44]","(82.1,243]",4,5
05CGFD09,995,1.66620216,863.2,40,"(-2.07,0.086]","(64.8,82.1]",2,4
05CGFD10,994,0.315177148,193.49,0,"(0.086,3.11]","(82.1,243]",3,5
05CGFD11,993,4.767237825,870.61,28,"(0.086,3.11]","(64.8,82.1]",3,4
05CGFD12,582,2.437316666,627.85,3,"(3.11,5.44]","(82.1,243]",4,5
05CGFD13,991,5.290596952,1059.7,2,"(-2.07,0.086]","(82.1,243]",2,5
05CGFD14,990,2.34112002,1364.6,0,"[-6.54,-2.07]","[7.8,41.4]",1,1
05CGFD15,424,4.614977071,962.88,17,"(-2.07,0.086]","(41.4,53.6]",2,2
05CGFD16,602,3.018965495,1382.04,10,"[-6.54,-2.07]","(53.6,64.8]",1,3
05CGFD17,660,0.532297426,259.66,0,"(0.086,3.11]","(64.8,82.1]",3,4
05CGFD18,236,1.712947713,613.74,2,"[-6.54,-2.07]","(82.1,243]",1,5
05CGFD19,658,3.792343563,628.32,4,"(3.11,5.44]","(82.1,243]",4,5
05CGFD20,589,2.518559781,1130.15,1,"[-6.54,-2.07]","(41.4,53.6]",1,2
05CGFD21,657,4.373043705,1137.16,11,"(-2.07,0.086]","(53.6,64.8]",2,3
05CGFD22,665,5.115078321,1016.63,19,"(-2.07,0.086]","(53.6,64.8]",2,3
05CGFD23,987,2.204568734,791.19,1,"[-6.54,-2.07]","(53.6,64.8]",1,3
05CGFD24,258,3.079283564,880.26,1,"[-6.54,-2.07]","(64.8,82.1]",1,4
05CGFD25,588,1.495318046,576.05,0,"(0.086,3.11]","(64.8,82.1]",3,4
05CGFD26,587,3.278908633,934.86,3,"(0.086,3.11]","(82.1,243]",3,5
05CGFD27,972,1.538249833,553.48,2,"(-2.07,0.086]","(82.1,243]",2,5
05CGFD28,984,1.188637978,468.73,0,"(-2.07,0.086]","(82.1,243]",2,5
05CGFD29,678,6.588478778,1252.67,0,"[-6.54,-2.07]","(41.4,53.6]",1,2
05CGFD30,675,3.44127865,816.05,3,"(-2.07,0.086]","(53.6,64.8]",2,3
05CGFD31,586,2.131753057,793.87,3,"(-2.07,0.086]","(53.6,64.8]",2,3
05CGFD32,291,3.175745481,1431.7,2,"[-6.54,-2.07]","(41.4,53.6]",1,2
05CGFD33,653,3.016886385,735.56,2,"(0.086,3.11]","(82.1,243]",3,5
05CGFD47,591,0.458939803,221.02,2,"(-2.07,0.086]","(64.8,82.1]",2,4
05CGFE01,680,3.389089174,984.71,7,"(0.086,3.11]","(64.8,82.1]",3,4
05CGFE02,674,6.035722002,1143.89,7,"(3.11,5.44]","(64.8,82.1]",4,4
05CGFE03,981,1.833477709,703.81,4,"[-6.54,-2.07]","(64.8,82.1]",1,4
05CGFE04,682,6.217037168,1280.84,5,"(-2.07,0.086]","(82.1,243]",2,5
05CGFE05,683,5.317017023,885.31,1,"(5.44,9.2]","(82.1,243]",5,5
05CGFE06,265,0.993251831,647.44,0,"(3.11,5.44]","(82.1,243]",4,5
05CGFE07,248,1.660865097,964.13,25,"(0.086,3.11]","(82.1,243]",3,5
05CGFE08,604,2.32859662,739.4,13,"(3.11,5.44]","(82.1,243]",4,5
05CGFE09,977,7.471116566,1221.54,7,"(3.11,5.44]","(64.8,82.1]",4,4
05CGFE10,603,1.467347593,892.25,1,"(0.086,3.11]","(82.1,243]",3,5
05CGFE11,1005,3.650999841,1053.44,2,"(0.086,3.11]","(64.8,82.1]",3,4
05CGFE12,663,3.52837311,1043.39,29,"(0.086,3.11]","(82.1,243]",3,5
05CGFE13,79,0.855953274,533.7,0,"(3.11,5.44]","(82.1,243]",4,5
05CGFE14,271,3.578461451,790.87,1,"(3.11,5.44]","(82.1,243]",4,5
05CGFE15,592,4.179682048,816.78,4,"(5.44,9.2]","(82.1,243]",5,5
05CGFE16,232,1.105472287,671.74,3,"(0.086,3.11]","(82.1,243]",3,5
05CGFE17,708,3.096859745,841.48,1,"(0.086,3.11]","(82.1,243]",3,5
05CGFE18,600,3.894408023,829.97,31,"(0.086,3.11]","(82.1,243]",3,5
05CGFE19,710,1.653224312,1009.17,0,"(3.11,5.44]","(82.1,243]",4,5
05CGFE21,711,0.092814172,182.24,1,"(0.086,3.11]","(82.1,243]",3,5
05CGFE22,596,1.274155533,574.09,2,"(5.44,9.2]","(82.1,243]",5,5
05CGFE23,71,2.617910893,790.93,3,"(5.44,9.2]","(82.1,243]",5,5
05CGFE24,1011,1.219982068,637.49,2,"(5.44,9.2]","(82.1,243]",5,5
05CGFE25,574,1.330621705,706.42,2,"(5.44,9.2]","(82.1,243]",5,5
05CGFE26,549,0.798724943,413.35,0,"(5.44,9.2]","(82.1,243]",5,5
05CGFE27,6,4.096475663,1548.52,7,"(5.44,9.2]","(82.1,243]",5,5
05CGFE28,270,1.039188518,438.07,0,"(5.44,9.2]","(82.1,243]",5,5
05CGFE29,69,1.146202649,644.35,5,"(5.44,9.2]","(82.1,243]",5,5
05CGFE30,729,1.452592308,742.31,1,"(5.44,9.2]","(82.1,243]",5,5
05CGFE31,718,4.956567416,918.03,9,"(5.44,9.2]","(82.1,243]",5,5
05CGFE32,707,1.69451986,589.96,0,"(5.44,9.2]","(82.1,243]",5,5
05CGFE33,720,1.770641606,486.33,2,"(5.44,9.2]","(82.1,243]",5,5
05CGFE34,266,2.693521436,755.25,1,"(5.44,9.2]","(82.1,243]",5,5
05CGFF03,279,1.867000726,733.95,2,"(5.44,9.2]","(82.1,243]",5,5
05CGFF04,724,1.966745786,745.74,2,"(5.44,9.2]","(82.1,243]",5,5
05CGFF06,725,0.202664247,134.72,0,"(-2.07,0.086]","(82.1,243]",2,5
05CGFF07,16,3.401774401,1273.42,9,"(5.44,9.2]","(82.1,243]",5,5
05CGFF08,726,1.058613357,546.86,2,"(5.44,9.2]","(82.1,243]",5,5
05CGFF09,267,1.708500386,809.55,2,"(5.44,9.2]","(82.1,243]",5,5
05CGFF10,1021,2.531372893,845.07,1,"(5.44,9.2]","(82.1,243]",5,5
05CGFF11,1019,2.084368459,751.16,0,"(5.44,9.2]","(82.1,243]",5,5
05CGFF12,128,1.346369858,630.85,1,"(5.44,9.2]","(82.1,243]",5,5
05CGFF13,105,2.22367879,691.79,3,"(5.44,9.2]","(82.1,243]",5,5
05CGFF14,177,1.894899799,856.28,4,"(5.44,9.2]","(82.1,243]",5,5
05CGFF15,1,1.574514309,600.3,3,"(5.44,9.2]","(82.1,243]",5,5
05CGFF16,690,2.059079946,731.16,1,"(3.11,5.44]","(82.1,243]",4,5
05CGFF17,275,1.630619659,757,1,"(0.086,3.11]","(64.8,82.1]",3,4
05CGFF18,269,1.340687333,857.61,2,"(5.44,9.2]","(64.8,82.1]",5,4
05CGFF19,706,1.495778309,829.46,0,"(5.44,9.2]","(64.8,82.1]",5,4
05CGFF20,181,1.239906826,770.18,3,"(5.44,9.2]","(64.8,82.1]",5,4
05CGFF21,563,1.63928021,537.12,1,"(5.44,9.2]","(82.1,243]",5,5
05CGFF23,320,1.346951766,555.15,2,"(3.11,5.44]","(82.1,243]",4,5
05CGFF24,32,1.440067925,916.54,4,"(0.086,3.11]","(64.8,82.1]",3,4
05CGFF25,25,1.294876972,641.17,2,"(-2.07,0.086]","(64.8,82.1]",2,4
05CGFF26,345,3.975837703,1239.08,3,"(5.44,9.2]","(53.6,64.8]",5,3
05CGFF27,24,2.308613559,943.23,1,"(3.11,5.44]","(53.6,64.8]",4,3
05CGFF28,98,2.41131627,903,1,"(5.44,9.2]","(53.6,64.8]",5,3
05CGFF29,148,1.611028314,1013.2,2,"(3.11,5.44]","(53.6,64.8]",4,3
05CGFF30,689,3.544177162,902.57,2,"(0.086,3.11]","(82.1,243]",3,5
05CGFF31,612,1.086347004,609.47,0,"(-2.07,0.086]","(64.8,82.1]",2,4
05CGFF32,621,3.027886114,1089.86,3,"(-2.07,0.086]","(64.8,82.1]",2,4
05CGFF33,145,1.697163065,934.76,2,"(0.086,3.11]","(64.8,82.1]",3,4
05CGFF34,314,4.172849407,863.61,2,"(3.11,5.44]","(64.8,82.1]",4,4
05CGFG02,100,1.138622931,578.89,0,"[-6.54,-2.07]","[7.8,41.4]",1,1
05CGFG03,633,0.776222036,339.74,2,"[-6.54,-2.07]","[7.8,41.4]",1,1
05CGFG04,940,1.454332824,1257.48,2,"(-2.07,0.086]","[7.8,41.4]",2,1
05CGFG05,939,2.503342813,1214.09,4,"(-2.07,0.086]","[7.8,41.4]",2,1
05CGFG06,93,3.51653117,1175.54,3,"(3.11,5.44]","[7.8,41.4]",4,1
05CGFG07,293,3.201105738,1149.68,1,"(0.086,3.11]","[7.8,41.4]",3,1
05CGFG08,104,2.242303681,1105,3,"(-2.07,0.086]","[7.8,41.4]",2,1
05CGFG09,681,4.568757537,971.29,3,"(3.11,5.44]","[7.8,41.4]",4,1
05CGFG10,937,3.764029576,982.48,1,"(5.44,9.2]","[7.8,41.4]",5,1
05CGFG11,679,2.174380326,1145.57,5,"(0.086,3.11]","[7.8,41.4]",3,1
05CGFG12,281,7.571796572,1497.35,7,"(0.086,3.11]","[7.8,41.4]",3,1
05CGFG13,936,4.154669556,1308.16,0,"(3.11,5.44]","[7.8,41.4]",4,1
05CGFG14,46,0.791158901,646.17,1,"[-6.54,-2.07]","(41.4,53.6]",1,2
05CGFG15,551,2.359942002,833.4,16,"(-2.07,0.086]","(64.8,82.1]",2,4
05CGFG16,1026,2.048942989,1054.31,1,"(0.086,3.11]","[7.8,41.4]",3,1
05CGFG17,934,5.233054237,1146.44,4,"(5.44,9.2]","[7.8,41.4]",5,1
05CGFG18,284,1.657194082,805.86,3,"(-2.07,0.086]","[7.8,41.4]",2,1
05CGFG19,249,2.350522001,1199.82,3,"(5.44,9.2]","[7.8,41.4]",5,1
05CGFG20,667,4.200024338,1038.05,3,"(0.086,3.11]","[7.8,41.4]",3,1
05CGFG21,684,2.164434145,1152.77,3,"[-6.54,-2.07]","[7.8,41.4]",1,1
05CGFG22,666,0.94813325,620.96,2,"[-6.54,-2.07]","[7.8,41.4]",1,1
05CGFG23,474,1.128551673,641.13,1,"[-6.54,-2.07]","[7.8,41.4]",1,1
05CGFG24,478,1.335624156,650.04,5,"[-6.54,-2.07]","[7.8,41.4]",1,1
05CGFG25,467,3.009719911,1009.11,3,"[-6.54,-2.07]","(41.4,53.6]",1,2
05CGFG26,715,3.388018974,741.71,1,"(0.086,3.11]","(53.6,64.8]",3,3
05CGFG27,722,0.948662856,675.63,2,"[-6.54,-2.07]","(53.6,64.8]",1,3
05CGFG28,727,0.747054826,725.17,1,"[-6.54,-2.07]","[7.8,41.4]",1,1
05CGFG29,931,1.568471917,801.36,1,"[-6.54,-2.07]","[7.8,41.4]",1,1
05CGFG30,304,5.139878643,1468.09,5,"(-2.07,0.086]","(41.4,53.6]",2,2
05CGFG31,692,1.874806492,1181.86,0,"[-6.54,-2.07]","[7.8,41.4]",1,1
05CGFG32,301,3.028100528,1273.26,2,"[-6.54,-2.07]","[7.8,41.4]",1,1
05CGFG33,929,3.418549385,1145.33,3,"(-2.07,0.086]","[7.8,41.4]",2,1
05CGFG34,928,4.448023035,1509.32,4,"(0.086,3.11]","[7.8,41.4]",3,1
05CGFG35,300,6.531439157,1618.4,24,"(0.086,3.11]","[7.8,41.4]",3,1
05CGFG36,306,2.539203188,858.24,3,"(-2.07,0.086]","[7.8,41.4]",2,1
05CGFG37,1030,1.247481981,825.93,0,"[-6.54,-2.07]","(41.4,53.6]",1,2
05CGFG38,701,2.240641834,1622.59,2,"[-6.54,-2.07]","(53.6,64.8]",1,3
05CGFG39,705,1.244416875,917.55,1,"(-2.07,0.086]","[7.8,41.4]",2,1
05CGFG40,522,1.656169778,1106.06,3,"[-6.54,-2.07]","(41.4,53.6]",1,2
05CGFG41,704,0.935353938,569.73,2,"[-6.54,-2.07]","[7.8,41.4]",1,1
05CGFG42,512,3.436931598,1458.55,4,"[-6.54,-2.07]","(41.4,53.6]",1,2
05CGFH01,924,0.763293474,212.88,2,"(5.44,9.2]","(82.1,243]",5,5
05CGFH02,923,0.241522356,234.44,0,"(5.44,9.2]","(82.1,243]",5,5
05CGFH03,539,3.652863609,1078.78,2,"(5.44,9.2]","(82.1,243]",5,5
05CGFH04,297,2.31576789,713.12,1,"(3.11,5.44]","(82.1,243]",4,5
05CGFH05,922,1.943390399,704.38,2,"(3.11,5.44]","(82.1,243]",4,5
05CGFH06,698,1.9457805,851.19,2,"(0.086,3.11]","(82.1,243]",3,5
05CGFH07,921,1.393511917,857.77,4,"(3.11,5.44]","(82.1,243]",4,5
05CGFH08,238,2.438841345,1169.74,2,"(0.086,3.11]","(82.1,243]",3,5
05CGFH09,529,1.771043128,1051.79,2,"(0.086,3.11]","(82.1,243]",3,5
05CGFH10,294,1.882906401,853.07,1,"(5.44,9.2]","(82.1,243]",5,5
05CGFH11,130,3.333469923,1274.93,2,"(5.44,9.2]","(82.1,243]",5,5
05CGFH12,334,8.867070392,2072.51,8,"(3.11,5.44]","(82.1,243]",4,5
05CGFH13,150,4.996318992,1283.58,6,"(5.44,9.2]","(82.1,243]",5,5
05CGFH14,493,2.22520864,978.45,0,"(5.44,9.2]","(64.8,82.1]",5,4
05CGFH15,494,5.381922964,1247.18,10,"(5.44,9.2]","(82.1,243]",5,5
05CGFH16,333,3.565033888,1261.17,7,"(5.44,9.2]","(82.1,243]",5,5
05CGFH17,343,3.123053013,1185.92,2,"(0.086,3.11]","(82.1,243]",3,5
05CGFH18,686,2.912881342,1063.64,1,"(3.11,5.44]","(82.1,243]",4,5
05CGFH19,344,1.833590961,713.73,2,"(3.11,5.44]","(82.1,243]",4,5
05CGFH20,968,2.976674534,1204.66,2,"(3.11,5.44]","(82.1,243]",4,5
05CGFH21,502,3.410216028,917.32,3,"(0.086,3.11]","(64.8,82.1]",3,4
05CGFH22,719,3.346384649,969.66,2,"(0.086,3.11]","(82.1,243]",3,5
05CGFH23,137,2.516175063,773.02,1,"(-2.07,0.086]","(82.1,243]",2,5
05CGFH24,139,2.567392936,1110.2,0,"(-2.07,0.086]","(64.8,82.1]",2,4
05CGFH25,113,2.924495148,957.4,1,"[-6.54,-2.07]","(64.8,82.1]",1,4
05CGFH26,316,2.195195193,899.36,3,"(-2.07,0.086]","(82.1,243]",2,5
05CGFH27,709,3.893412783,984.21,3,"(-2.07,0.086]","(82.1,243]",2,5
05CGFH28,184,2.001958807,1090.5,0,"(-2.07,0.086]","(82.1,243]",2,5
05CGFH29,542,0.881176391,1288.3,0,"[-6.54,-2.07]","(64.8,82.1]",1,4
05CGFH30,118,8.247014082,1257.82,5,"(0.086,3.11]","(64.8,82.1]",3,4
05CGFH31,964,6.276544603,1244.15,5,"(5.44,9.2]","(82.1,243]",5,5
05CGFH32,538,3.257510059,1053.66,5,"(-2.07,0.086]","(64.8,82.1]",2,4
05CGFH33,659,2.466171088,987.69,2,"(-2.07,0.086]","(64.8,82.1]",2,4
05CGFH34,262,4.259880341,1049.93,5,"(0.086,3.11]","(64.8,82.1]",3,4
05CGFH35,662,3.185921722,1059.31,2,"(-2.07,0.086]","(64.8,82.1]",2,4
05CGFH36,664,5.025860552,1088.05,1,"(0.086,3.11]","(64.8,82.1]",3,4
05CGFH37,276,2.666674625,1198.5,4,"(-2.07,0.086]","(64.8,82.1]",2,4
05CGFJ02,961,6.86720381,1434.39,12,"[-6.54,-2.07]","[7.8,41.4]",1,1
05CGFJ03,120,4.393511787,1242.63,3,"[-6.54,-2.07]","[7.8,41.4]",1,1
05CGFJ04,518,3.192931231,1294.53,2,"[-6.54,-2.07]","[7.8,41.4]",1,1
05CGFJ05,677,5.091313155,1284.13,6,"(-2.07,0.086]","[7.8,41.4]",2,1
05CGFJ06,673,2.600143962,1150.12,2,"[-6.54,-2.07]","[7.8,41.4]",1,1
05CGFJ07,436,5.305971869,1130.54,10,"[-6.54,-2.07]","[7.8,41.4]",1,1
05CGFJ08,669,4.21181003,1408.89,6,"[-6.54,-2.07]","[7.8,41.4]",1,1
05CGFJ09,668,3.397753063,1393.93,3,"[-6.54,-2.07]","[7.8,41.4]",1,1
05CGFJ10,955,4.582492551,1245.23,3,"[-6.54,-2.07]","(53.6,64.8]",1,3
05CGFJ11,954,3.853423894,1307.48,5,"[-6.54,-2.07]","(53.6,64.8]",1,3
05CGFJ12,953,2.1754062,1053.24,1,"[-6.54,-2.07]","(41.4,53.6]",1,2
05CGFJ13,277,3.429524416,1256.27,4,"(0.086,3.11]","(41.4,53.6]",3,2
05CGFJ15,952,3.969068137,1546.02,1,"(0.086,3.11]","[7.8,41.4]",3,1
05CGFJ16,951,4.290559435,1417.3,6,"[-6.54,-2.07]","(41.4,53.6]",1,2
05CGFJ17,224,0.768656032,820.24,0,"[-6.54,-2.07]","[7.8,41.4]",1,1
05CGFJ18,949,2.13000071,979.23,0,"[-6.54,-2.07]","[7.8,41.4]",1,1
05CGFJ19,671,1.65595011,872.39,3,"[-6.54,-2.07]","[7.8,41.4]",1,1
05CGFJ20,947,3.338401082,1118.83,5,"[-6.54,-2.07]","[7.8,41.4]",1,1
05CGFJ21,672,3.081682529,1129.24,1,"(0.086,3.11]","(41.4,53.6]",3,2
05CGFJ22,472,2.135365193,889.23,1,"(3.11,5.44]","(41.4,53.6]",4,2
05CGFJ23,481,3.017743413,713.74,0,"(5.44,9.2]","(41.4,53.6]",5,2
05CGFJ24,223,2.270689528,727.24,2,"(3.11,5.44]","(41.4,53.6]",4,2
05CGFJ25,456,2.965268158,1093.98,2,"(3.11,5.44]","(41.4,53.6]",4,2
05CGFJ26,214,3.241489933,873.92,3,"(3.11,5.44]","(41.4,53.6]",4,2
05CGFJ27,457,4.677869254,1295.06,1,"(3.11,5.44]","(41.4,53.6]",4,2
05CGFJ28,462,3.643556336,1114.54,5,"[-6.54,-2.07]","(41.4,53.6]",1,2
05CGFJ31,260,1.472132483,1022.29,2,"[-6.54,-2.07]","[7.8,41.4]",1,1
05CGFJ33,809,5.22391034,1377.76,3,"[-6.54,-2.07]","[7.8,41.4]",1,1
05CGFJ34,452,2.562654403,1107.87,2,"(3.11,5.44]","(41.4,53.6]",4,2
05CGFJ35,470,3.817454382,1084.47,3,"(3.11,5.44]","[7.8,41.4]",4,1
05CGFJ36,471,5.519084809,1151.09,4,"(5.44,9.2]","[7.8,41.4]",5,1
05CGFK01,946,1.993295829,957.28,2,"(-2.07,0.086]","(41.4,53.6]",2,2
05CGFK02,834,4.846868501,1207.84,13,"[-6.54,-2.07]","(41.4,53.6]",1,2
05CGFK03,948,2.611933804,870.42,2,"(-2.07,0.086]","(53.6,64.8]",2,3
05CGFK04,228,1.678640632,558.65,1,"[-6.54,-2.07]","(53.6,64.8]",1,3
05CGFK05,950,2.482152072,558.74,3,"(-2.07,0.086]","(64.8,82.1]",2,4
05CGFK06,838,2.638094869,1044.94,1,"[-6.54,-2.07]","(41.4,53.6]",1,2
05CGFK07,434,2.73335311,957.41,1,"[-6.54,-2.07]","(41.4,53.6]",1,2
05CGFK08,956,3.998664979,1099.09,2,"(-2.07,0.086]","(41.4,53.6]",2,2
05CGFK09,971,3.050685907,812.61,2,"[-6.54,-2.07]","(53.6,64.8]",1,3
05CGFK10,958,2.656811199,638.02,2,"(-2.07,0.086]","(64.8,82.1]",2,4
05CGFK11,438,2.352942081,452.6,0,"(0.086,3.11]","(64.8,82.1]",3,4
05CGFK12,443,3.205681591,1055.13,4,"[-6.54,-2.07]","[7.8,41.4]",1,1
05CGFK13,442,4.968882177,1211.11,2,"(-2.07,0.086]","[7.8,41.4]",2,1
05CGFK14,945,3.478035659,1353.63,2,"[-6.54,-2.07]","(41.4,53.6]",1,2
05CGFK15,528,3.598606127,1128.85,1,"[-6.54,-2.07]","(41.4,53.6]",1,2
05CGFK16,231,3.608037789,1011.84,4,"[-6.54,-2.07]","(64.8,82.1]",1,4
05CGFK17,235,2.35699342,1189.67,4,"[-6.54,-2.07]","[7.8,41.4]",1,1
05CGFK18,842,5.48165575,1194.57,6,"[-6.54,-2.07]","(41.4,53.6]",1,2
05CGFK19,255,2.15023454,820.78,3,"[-6.54,-2.07]","(53.6,64.8]",1,3
05CGFK20,960,2.176819917,1379.93,1,"[-6.54,-2.07]","[7.8,41.4]",1,1
05CGFK21,146,3.118601433,1367.69,0,"[-6.54,-2.07]","(41.4,53.6]",1,2
05CGFK22,843,6.62224705,1478.21,12,"[-6.54,-2.07]","(41.4,53.6]",1,2
05CGFK23,525,2.440400942,972.18,1,"[-6.54,-2.07]","(41.4,53.6]",1,2
05CGFK24,962,2.979634635,1184.23,3,"[-6.54,-2.07]","(64.8,82.1]",1,4
05CGFK25,268,5.466062198,1355.31,5,"[-6.54,-2.07]","(41.4,53.6]",1,2
05CGFK26,846,3.271603745,1300.84,1,"[-6.54,-2.07]","(41.4,53.6]",1,2
05CGFK27,963,4.613298859,1327.23,5,"[-6.54,-2.07]","(41.4,53.6]",1,2
05CGFK28,273,2.960160988,1196.49,1,"[-6.54,-2.07]","(53.6,64.8]",1,3
05CGFK29,848,2.273774233,739.49,2,"(-2.07,0.086]","(64.8,82.1]",2,4
05CGFK30,109,1.457052913,1046.64,3,"[-6.54,-2.07]","[7.8,41.4]",1,1
05CGFK31,823,3.522936039,1215.3,1,"[-6.54,-2.07]","(64.8,82.1]",1,4
05CGFK32,821,2.631794329,1354.56,5,"[-6.54,-2.07]","[7.8,41.4]",1,1
05CGFK33,536,2.624174171,1059.22,4,"[-6.54,-2.07]","(41.4,53.6]",1,2
05CGFK34,839,3.063202801,1122.76,2,"[-6.54,-2.07]","(64.8,82.1]",1,4
05CGFK35,816,4.221462913,1075.15,4,"(-2.07,0.086]","(82.1,243]",2,5
05CGFK36,147,3.639058962,988.69,4,"[-6.54,-2.07]","(53.6,64.8]",1,3
05CGFK37,497,3.710785443,1270.6,5,"[-6.54,-2.07]","(53.6,64.8]",1,3
05CGFL01,817,1.503946344,684.41,2,"(5.44,9.2]","(41.4,53.6]",5,2
05CGFL02,168,2.99793259,929.55,1,"(3.11,5.44]","(41.4,53.6]",4,2
05CGFL03,965,2.113387979,812.77,1,"(3.11,5.44]","(41.4,53.6]",4,2
05CGFL04,349,1.966138213,856.56,0,"(3.11,5.44]","(53.6,64.8]",4,3
05CGFL05,124,1.953929426,751.98,1,"(3.11,5.44]","(53.6,64.8]",4,3
05CGFL06,125,3.341210687,1029.99,1,"(3.11,5.44]","(53.6,64.8]",4,3
05CGFL07,329,3.120671148,1205.61,7,"(3.11,5.44]","(53.6,64.8]",4,3
05CGFL08,327,6.534124056,1431.87,8,"(0.086,3.11]","(64.8,82.1]",3,4
05CGFL09,500,1.956979691,893.05,3,"(5.44,9.2]","(64.8,82.1]",5,4
05CGFL10,501,2.192975179,1074.03,1,"(5.44,9.2]","(53.6,64.8]",5,3
05CGFL11,503,2.953281016,1026.51,2,"(3.11,5.44]","(53.6,64.8]",4,3
05CGFL12,163,2.029164512,906.83,4,"(5.44,9.2]","(64.8,82.1]",5,4
05CGFL13,185,1.800734858,1071.2,2,"(3.11,5.44]","(64.8,82.1]",4,4
05CGFL14,115,2.910965765,936.85,1,"(3.11,5.44]","(64.8,82.1]",4,4
05CGFL15,819,2.994721834,1207.22,4,"(0.086,3.11]","(64.8,82.1]",3,4
05CGFL16,820,8.791754976,1476.06,5,"(3.11,5.44]","(53.6,64.8]",4,3
05CGFL17,324,7.409164006,1260.17,4,"(5.44,9.2]","(53.6,64.8]",5,3
05CGFL18,332,1.280675583,610.25,1,"(0.086,3.11]","(82.1,243]",3,5
05CGFL19,7,2.780999689,803.4,3,"(0.086,3.11]","(64.8,82.1]",3,4
05CGFL20,517,2.742547845,1099.8,2,"(5.44,9.2]","(64.8,82.1]",5,4
05CGFL21,322,4.51782757,1099.52,4,"(5.44,9.2]","(64.8,82.1]",5,4
05CGFL22,321,4.075250559,1064.7,3,"(3.11,5.44]","(64.8,82.1]",4,4
05CGFL23,175,2.275973583,1009.86,2,"(5.44,9.2]","(64.8,82.1]",5,4
05CGFL24,296,7.298670952,1316.68,7,"(3.11,5.44]","(64.8,82.1]",4,4
05CGFL25,138,1.922219039,904.43,0,"(3.11,5.44]","(82.1,243]",4,5
05CGFL26,508,8.381019415,1283.66,17,"(0.086,3.11]","(82.1,243]",3,5
05CGFL27,507,1.16228576,680.9,0,"(0.086,3.11]","(82.1,243]",3,5
05CGFL28,966,6.256556604,1044,1,"(3.11,5.44]","(82.1,243]",4,5
05CGFL29,5,3.354661705,1128.74,2,"(5.44,9.2]","(82.1,243]",5,5
05CGFL30,342,2.606849303,905.11,1,"(5.44,9.2]","(53.6,64.8]",5,3
05CGFL31,967,0.883930512,414.19,1,"(5.44,9.2]","(82.1,243]",5,5
05CGFL32,822,1.070136396,536.48,0,"(5.44,9.2]","(82.1,243]",5,5
05CGFL33,346,1.429643631,570.15,4,"(3.11,5.44]","(82.1,243]",4,5
05CGFL34,841,1.669065557,800.25,1,"(3.11,5.44]","(82.1,243]",4,5
05CGFM01,969,3.106868516,1097.38,1,"[-6.54,-2.07]","(41.4,53.6]",1,2
05CGFM02,498,3.084297519,942.04,1,"(-2.07,0.086]","(53.6,64.8]",2,3
05CGFM03,825,2.666026511,1332.68,2,"[-6.54,-2.07]","(41.4,53.6]",1,2
05CGFM04,27,3.598264612,919.36,1,"[-6.54,-2.07]","(41.4,53.6]",1,2
05CGFM05,116,2.650486669,742.46,2,"(-2.07,0.086]","(53.6,64.8]",2,3
05CGFM06,826,4.770936376,999.28,2,"(0.086,3.11]","(53.6,64.8]",3,3
05CGFM08,827,1.717976368,1006.6,1,"(0.086,3.11]","[7.8,41.4]",3,1
05CGFM09,511,2.51775199,1388.67,2,"[-6.54,-2.07]","[7.8,41.4]",1,1
05CGFM10,932,6.425296245,1422.05,5,"(-2.07,0.086]","(41.4,53.6]",2,2
05CGFM11,959,2.370799194,1124.52,2,"[-6.54,-2.07]","(41.4,53.6]",1,2
05CGFM12,492,3.3258901,907.81,0,"[-6.54,-2.07]","(41.4,53.6]",1,2
05CGFM13,828,2.501454899,912.64,1,"(-2.07,0.086]","(53.6,64.8]",2,3
05CGFM14,957,2.336309405,604.33,0,"(0.086,3.11]","(53.6,64.8]",3,3
05CGFM15,487,3.699066679,900.68,1,"(-2.07,0.086]","(53.6,64.8]",2,3
05CGFM16,486,3.676722331,826.71,4,"(0.086,3.11]","(64.8,82.1]",3,4
05CGFM17,920,4.102974949,1119.15,4,"[-6.54,-2.07]","(53.6,64.8]",1,3
05CGFM18,485,4.592183247,886.11,4,"(-2.07,0.086]","(53.6,64.8]",2,3
05CGFM19,204,1.559862517,621.82,1,"(-2.07,0.086]","(53.6,64.8]",2,3
05CGFM20,515,3.899976841,1084.44,1,"[-6.54,-2.07]","(41.4,53.6]",1,2
05CGFM21,288,5.503641358,1309.92,11,"[-6.54,-2.07]","(41.4,53.6]",1,2
05CGFM22,830,3.963395503,1250.34,0,"[-6.54,-2.07]","(41.4,53.6]",1,2
05CGFM23,815,3.817787642,1559.89,10,"[-6.54,-2.07]","[7.8,41.4]",1,1
05CGFM24,229,3.637880254,1204.88,4,"[-6.54,-2.07]","[7.8,41.4]",1,1
05CGFM25,869,6.565095716,1473.18,4,"(0.086,3.11]","[7.8,41.4]",3,1
05CGFM26,292,3.268136734,1478.9,1,"[-6.54,-2.07]","[7.8,41.4]",1,1
05CGFM27,532,4.988952346,1285.25,3,"(-2.07,0.086]","[7.8,41.4]",2,1
05CGFM28,873,1.638426959,1065.1,1,"[-6.54,-2.07]","[7.8,41.4]",1,1
05CGFM29,527,1.681725326,1194.08,0,"[-6.54,-2.07]","[7.8,41.4]",1,1
05CGFM30,234,2.272175882,1273.86,0,"[-6.54,-2.07]","[7.8,41.4]",1,1
05CGFM31,289,2.214348061,1163.04,1,"[-6.54,-2.07]","[7.8,41.4]",1,1
05CGFM32,872,4.191336682,1377.34,3,"[-6.54,-2.07]","[7.8,41.4]",1,1
05CGFM33,870,3.649395247,1215.2,2,"[-6.54,-2.07]","[7.8,41.4]",1,1
05CGFM34,876,3.648555277,1112.04,4,"[-6.54,-2.07]","[7.8,41.4]",1,1
05CGFM35,535,2.883555124,1088.83,2,"[-6.54,-2.07]","[7.8,41.4]",1,1
05CGFM36,253,5.236752543,1294.02,3,"[-6.54,-2.07]","[7.8,41.4]",1,1
05CGFN01,285,5.164349509,1412.04,5,"(0.086,3.11]","(64.8,82.1]",3,4
05CGFN02,871,3.22157463,1304.13,7,"(0.086,3.11]","(64.8,82.1]",3,4
05CGFN03,305,2.535666924,1400.19,3,"(-2.07,0.086]","(64.8,82.1]",2,4
05CGFN04,925,3.177375285,1295.33,2,"(-2.07,0.086]","(64.8,82.1]",2,4
05CGFN05,310,1.800358985,1117.37,1,"[-6.54,-2.07]","(53.6,64.8]",1,3
05CGFN06,111,3.964282944,1599.88,3,"(0.086,3.11]","(41.4,53.6]",3,2
05CGFN07,851,1.649731453,1336.39,2,"[-6.54,-2.07]","(53.6,64.8]",1,3
05CGFN08,308,5.682795446,1590.21,2,"(0.086,3.11]","(82.1,243]",3,5
05CGFN09,477,1.245896259,1167.31,0,"[-6.54,-2.07]","(41.4,53.6]",1,2
05CGFN10,926,1.672384547,876.18,0,"(-2.07,0.086]","(41.4,53.6]",2,2
05CGFN11,927,4.759396712,1717.2,2,"(0.086,3.11]","(53.6,64.8]",3,3
05CGFN12,218,1.758273933,834.68,1,"(-2.07,0.086]","(41.4,53.6]",2,2
05CGFN13,514,5.144342285,1161.64,5,"(3.11,5.44]","(53.6,64.8]",4,3
05CGFN14,33,1.441150591,1430.92,2,"(3.11,5.44]","[7.8,41.4]",4,1
05CGFN15,20,2.217820964,1417.2,1,"(0.086,3.11]","[7.8,41.4]",3,1
05CGFN16,215,2.886203267,1114.35,3,"(-2.07,0.086]","(53.6,64.8]",2,3
05CGFN17,302,3.650923038,1100.96,2,"(3.11,5.44]","(53.6,64.8]",4,3
05CGFN18,299,7.144550941,1715.79,4,"(3.11,5.44]","(64.8,82.1]",4,4
05CGFN19,854,1.698982685,939.31,0,"(0.086,3.11]","(53.6,64.8]",3,3
05CGFN20,440,2.113052363,1157.12,4,"(0.086,3.11]","(41.4,53.6]",3,2
05CGFN21,856,4.429498587,852.36,7,"(0.086,3.11]","(41.4,53.6]",3,2
05CGFN22,66,4.583739411,1669.9,4,"(0.086,3.11]","[7.8,41.4]",3,1
05CGFN24,448,0.977042035,1155.29,0,"[-6.54,-2.07]","[7.8,41.4]",1,1
05CGFN25,944,3.656366835,1275.42,2,"(0.086,3.11]","(53.6,64.8]",3,3
05CGFN26,303,5.368757441,1310.61,4,"(3.11,5.44]","(53.6,64.8]",4,3
05CGFN27,860,8.403239383,1512.78,16,"(0.086,3.11]","(41.4,53.6]",3,2
05CGFN28,315,4.277821115,1083.9,2,"(3.11,5.44]","(41.4,53.6]",4,2
05CGFN29,225,8.950436404,1611.54,26,"(0.086,3.11]","(41.4,53.6]",3,2
05CGFN30,298,3.792812791,1379,5,"(0.086,3.11]","[7.8,41.4]",3,1
05CGFN31,70,2.000019989,977.62,1,"(-2.07,0.086]","(53.6,64.8]",2,3
05CGFN32,441,3.678489828,1086.63,1,"(3.11,5.44]","(41.4,53.6]",4,2
05CGFN33,859,6.879225017,1231.96,5,"(3.11,5.44]","(41.4,53.6]",4,2
05CGFN34,217,5.459301487,1133.88,2,"(3.11,5.44]","[7.8,41.4]",4,1
05CGFN35,309,7.21961457,1442.97,3,"(3.11,5.44]","[7.8,41.4]",4,1
05CGFP01,850,2.550236832,1065.84,2,"(3.11,5.44]","(64.8,82.1]",4,4
05CGFP02,192,6.747706052,1308.07,2,"(3.11,5.44]","(53.6,64.8]",4,3
05CGFP03,28,2.547126195,1079.19,3,"(3.11,5.44]","(64.8,82.1]",4,4
05CGFP04,435,1.591616009,657,3,"(0.086,3.11]","(64.8,82.1]",3,4
05CGFP05,919,3.354556432,942.68,3,"(3.11,5.44]","(53.6,64.8]",4,3
05CGFP06,196,1.768113745,595.61,1,"(0.086,3.11]","(53.6,64.8]",3,3
05CGFP07,433,3.887388537,1360.97,28,"(-2.07,0.086]","(53.6,64.8]",2,3
05CGFP08,437,3.2286125,835.12,2,"(5.44,9.2]","(53.6,64.8]",5,3
05CGFP09,311,1.921361301,572.71,0,"(0.086,3.11]","(64.8,82.1]",3,4
05CGFP10,427,1.74320122,632.72,1,"(0.086,3.11]","(41.4,53.6]",3,2
05CGFP11,431,1.475225094,654.74,0,"(0.086,3.11]","(41.4,53.6]",3,2
05CGFP12,933,3.631688593,892.26,9,"(0.086,3.11]","(41.4,53.6]",3,2
05CGFP13,312,2.771496815,1070.54,1,"(3.11,5.44]","(53.6,64.8]",4,3
05CGFP14,313,2.199181436,787.45,3,"(-2.07,0.086]","(53.6,64.8]",2,3
05CGFP15,290,0.857830646,623.17,1,"(-2.07,0.086]","(82.1,243]",2,5
05CGFP16,862,2.592339104,661.38,3,"(-2.07,0.086]","(53.6,64.8]",2,3
05CGFP17,307,1.26137107,466.49,1,"(-2.07,0.086]","(41.4,53.6]",2,2
05CGFP18,475,5.064754648,1001.95,4,"(5.44,9.2]","(53.6,64.8]",5,3
05CGFP19,863,3.213663769,363.77,2,"(5.44,9.2]","(53.6,64.8]",5,3
05CGFP20,219,3.975598316,702.69,8,"(0.086,3.11]","(82.1,243]",3,5
05CGFP21,469,1.726778782,565.95,2,"(0.086,3.11]","(53.6,64.8]",3,3
05CGFP22,864,2.806141069,981.1,0,"[-6.54,-2.07]","(41.4,53.6]",1,2
05CGFP23,468,5.357995582,1223.15,6,"(3.11,5.44]","(53.6,64.8]",4,3
05CGFP24,865,3.53992407,1147.1,1,"(3.11,5.44]","(53.6,64.8]",4,3
05CGFP25,47,1.629865926,1452.63,5,"(0.086,3.11]","(41.4,53.6]",3,2
05CGFP26,466,1.580712976,436.74,3,"(-2.07,0.086]","(82.1,243]",2,5
05CGFP27,464,2.110369369,664,1,"(-2.07,0.086]","(64.8,82.1]",2,4
05CGFP28,282,2.312679963,788.38,15,"(-2.07,0.086]","(64.8,82.1]",2,4
05CGFP29,460,4.207153638,1359.56,10,"[-6.54,-2.07]","(41.4,53.6]",1,2
05CGFP30,866,3.040887187,999.22,0,"[-6.54,-2.07]","(41.4,53.6]",1,2
05CGFP31,459,3.961102224,1239.08,3,"(-2.07,0.086]","(41.4,53.6]",2,2
05CGFP32,458,2.16036759,1017.38,1,"(3.11,5.44]","(41.4,53.6]",4,2
05CGFP33,283,2.548807085,786.32,1,"(5.44,9.2]","(41.4,53.6]",5,2
05CGFP34,867,2.581886737,809.86,2,"(5.44,9.2]","(41.4,53.6]",5,2
05CGFP35,868,1.595389238,923.29,0,"(-2.07,0.086]","(82.1,243]",2,5
05CGFP36,286,1.902587339,682.98,3,"(0.086,3.11]","(82.1,243]",3,5
05CGFP37,541,1.776760325,1019.44,4,"(5.44,9.2]","(41.4,53.6]",5,2
05CGFP38,935,2.064490077,636.94,14,"(-2.07,0.086]","(82.1,243]",2,5
05CGFP39,566,2.475730996,578.47,2,"(-2.07,0.086]","(64.8,82.1]",2,4
05CGFQ01,251,2.730439596,1055.4,2,"[-6.54,-2.07]","[7.8,41.4]",1,1
05CGFQ02,753,2.511461776,968.53,1,"[-6.54,-2.07]","[7.8,41.4]",1,1
05CGFQ03,287,1.580907505,665.35,1,"[-6.54,-2.07]","(41.4,53.6]",1,2
05CGFQ04,2,6.315544699,1464.53,8,"(-2.07,0.086]","[7.8,41.4]",2,1
05CGFQ05,644,2.877279902,1107.82,2,"(-2.07,0.086]","[7.8,41.4]",2,1
05CGFQ06,755,2.172193022,1013.6,1,"(0.086,3.11]","(41.4,53.6]",3,2
05CGFQ07,756,1.971015144,681.95,1,"(-2.07,0.086]","(64.8,82.1]",2,4
05CGFQ08,622,0.839005637,513.03,0,"[-6.54,-2.07]","(53.6,64.8]",1,3
05CGFQ09,317,2.6018542,871.65,2,"[-6.54,-2.07]","(64.8,82.1]",1,4
05CGFQ10,31,2.232398626,931.8,7,"(0.086,3.11]","(41.4,53.6]",3,2
05CGFQ11,247,1.888187027,1049.08,0,"(3.11,5.44]","(41.4,53.6]",4,2
05CGFQ12,758,2.929769772,994.76,0,"(-2.07,0.086]","(64.8,82.1]",2,4
05CGFQ13,44,4.75431938,1364.3,2,"(0.086,3.11]","[7.8,41.4]",3,1
05CGFQ14,759,7.362627088,1270.94,7,"(0.086,3.11]","[7.8,41.4]",3,1
05CGFQ15,240,4.280268067,1239.22,4,"(-2.07,0.086]","(41.4,53.6]",2,2
05CGFQ16,618,2.973303957,1089.8,2,"(-2.07,0.086]","(41.4,53.6]",2,2
05CGFQ17,620,4.050669907,938.46,0,"(-2.07,0.086]","(53.6,64.8]",2,3
05CGFQ18,804,3.206738794,833.21,0,"(0.086,3.11]","(64.8,82.1]",3,4
05CGFQ19,938,4.342536334,1223.54,3,"(-2.07,0.086]","(41.4,53.6]",2,2
05CGFQ20,295,4.076594479,1298.17,4,"(0.086,3.11]","[7.8,41.4]",3,1
05CGFQ21,323,4.332085703,1359.12,9,"(3.11,5.44]","(41.4,53.6]",4,2
05CGFQ22,623,1.572268085,648.46,1,"(-2.07,0.086]","(41.4,53.6]",2,2
05CGFQ23,136,1.758148902,620.19,3,"(-2.07,0.086]","(53.6,64.8]",2,3
05CGFQ24,811,2.21518787,776.8,3,"(0.086,3.11]","(64.8,82.1]",3,4
05CGFQ25,764,2.278416593,1169.75,2,"(-2.07,0.086]","(41.4,53.6]",2,2
05CGFQ26,585,3.771111572,989.72,3,"(-2.07,0.086]","(41.4,53.6]",2,2
05CGFQ27,634,1.834240427,656.36,1,"(-2.07,0.086]","(53.6,64.8]",2,3
05CGFQ28,615,1.932360574,763.25,1,"(-2.07,0.086]","(64.8,82.1]",2,4
05CGFQ29,636,2.301747975,677.25,0,"(-2.07,0.086]","(53.6,64.8]",2,3
05CGFQ30,635,1.532905742,389.15,0,"(-2.07,0.086]","(64.8,82.1]",2,4
05CGFQ31,132,1.651526241,529.14,3,"(-2.07,0.086]","(53.6,64.8]",2,3
05CGFQ32,632,1.369286247,1327.91,0,"[-6.54,-2.07]","(41.4,53.6]",1,2
05CGFQ33,631,1.597447029,1356.42,0,"(-2.07,0.086]","(41.4,53.6]",2,2
05CGFQ34,766,3.953452947,1130.26,3,"(-2.07,0.086]","(53.6,64.8]",2,3
05CGFQ35,767,2.275775995,1120.62,4,"(3.11,5.44]","(53.6,64.8]",4,3
05CGFQ36,99,11.26686144,1724.69,13,"(3.11,5.44]","(53.6,64.8]",4,3
05CGFQ37,627,5.717980968,1129.58,4,"(-2.07,0.086]","(53.6,64.8]",2,3
05CGFQ38,335,3.75128297,697.88,1,"(3.11,5.44]","(53.6,64.8]",4,3
05CGFQ39,613,1.612611132,802.38,1,"(0.086,3.11]","(53.6,64.8]",3,3
05CGFR01,336,3.248504757,1617.18,5,"(3.11,5.44]","(53.6,64.8]",4,3
05CGFR02,609,1.768686822,814.35,1,"(5.44,9.2]","(53.6,64.8]",5,3
05CGFR03,151,2.401108615,770.94,1,"(5.44,9.2]","(41.4,53.6]",5,2
05CGFR04,768,4.935981579,1106.13,3,"(3.11,5.44]","(53.6,64.8]",4,3
05CGFR05,337,2.203317036,902.37,2,"(5.44,9.2]","(53.6,64.8]",5,3
05CGFR06,616,1.628716159,943.46,1,"(0.086,3.11]","(53.6,64.8]",3,3
05CGFR07,338,1.801801957,685.98,3,"(5.44,9.2]","(53.6,64.8]",5,3
05CGFR08,339,1.463509133,871.4,0,"(5.44,9.2]","(53.6,64.8]",5,3
05CGFR09,769,3.060837472,1072.3,3,"(0.086,3.11]","(53.6,64.8]",3,3
05CGFR10,770,2.262870554,822.45,3,"(3.11,5.44]","(53.6,64.8]",4,3
05CGFR11,941,4.656342757,1357.45,6,"(0.086,3.11]","(64.8,82.1]",3,4
05CGFR12,649,2.442290835,1168.64,3,"[-6.54,-2.07]","(53.6,64.8]",1,3
05CGFR13,970,8.088277721,1241.4,20,"(0.086,3.11]","(64.8,82.1]",3,4
05CGFR14,654,2.171623656,743.44,25,"(0.086,3.11]","(82.1,243]",3,5
05CGFR15,350,4.130390521,1195.89,1,"(0.086,3.11]","(64.8,82.1]",3,4
05CGFR16,760,3.809479823,1154.24,3,"(-2.07,0.086]","(64.8,82.1]",2,4
05CGFR17,341,3.683473378,1284.2,2,"(0.086,3.11]","(64.8,82.1]",3,4
05CGFR18,82,0.864738797,875.95,0,"[-6.54,-2.07]","(53.6,64.8]",1,3
05CGFR19,650,1.702236701,881.92,1,"(-2.07,0.086]","(53.6,64.8]",2,3
05CGFR20,732,2.324346532,1151.01,1,"(0.086,3.11]","(53.6,64.8]",3,3
05CGFR21,131,2.387412299,898.56,2,"(0.086,3.11]","(64.8,82.1]",3,4
05CGFR22,943,0.508780671,611.12,0,"[-6.54,-2.07]","(53.6,64.8]",1,3
05CGFR23,646,5.255337544,1555.82,10,"(-2.07,0.086]","(41.4,53.6]",2,2
05CGFR24,347,3.138169762,1433.29,2,"[-6.54,-2.07]","(53.6,64.8]",1,3
05CGFR25,348,2.825980802,991.28,3,"(-2.07,0.086]","(64.8,82.1]",2,4
05CGFR26,325,3.258373683,1043.16,0,"(-2.07,0.086]","(53.6,64.8]",2,3
05CGFR27,734,3.356229901,1161.78,3,"(-2.07,0.086]","(41.4,53.6]",2,2
05CGFR28,340,4.950545675,1306.47,4,"(-2.07,0.086]","(53.6,64.8]",2,3
05CGFR29,648,3.203816916,1306.89,4,"[-6.54,-2.07]","(41.4,53.6]",1,2
05CGFR30,30,1.6612797,923.58,2,"[-6.54,-2.07]","(53.6,64.8]",1,3
05CGFR31,318,4.062994225,1424.37,0,"(-2.07,0.086]","(53.6,64.8]",2,3
05CGFR32,133,1.791223756,1345.8,1,"(0.086,3.11]","(64.8,82.1]",3,4
05CGFR33,319,4.110205228,1358.21,2,"(-2.07,0.086]","(53.6,64.8]",2,3
05CGFR34,735,3.18958072,1336.42,1,"(-2.07,0.086]","(53.6,64.8]",2,3
05CGFR35,172,2.274999139,945.53,1,"(3.11,5.44]","[7.8,41.4]",4,1
05CGFR36,173,6.57234482,1593.59,10,"(0.086,3.11]","(41.4,53.6]",3,2
05CGFR37,562,2.896213774,1236.09,3,"(-2.07,0.086]","(53.6,64.8]",2,3
05CGFR38,161,5.558433743,861.11,1,"(5.44,9.2]","(41.4,53.6]",5,2
05CGFS01,52,3.027483998,1258.76,12,"(3.11,5.44]","(82.1,243]",4,5
05CGFS02,736,2.803285295,1218.95,3,"(0.086,3.11]","(64.8,82.1]",3,4
05CGFS03,179,3.197241508,1009.87,2,"(3.11,5.44]","(82.1,243]",4,5
05CGFS04,564,3.729796649,1161.61,3,"(0.086,3.11]","(64.8,82.1]",3,4
05CGFS05,171,2.816429772,1292.38,20,"(0.086,3.11]","(82.1,243]",3,5
05CGFS06,737,3.668062768,991.6,1,"(0.086,3.11]","(82.1,243]",3,5
05CGFS07,61,5.054425346,1155.66,5,"(5.44,9.2]","(64.8,82.1]",5,4
05CGFS08,326,1.589357844,748.89,0,"(3.11,5.44]","(64.8,82.1]",4,4
05CGFS09,13,3.155021581,1011.59,3,"(3.11,5.44]","(82.1,243]",4,5
05CGFS10,26,1.896620601,1032.77,3,"(5.44,9.2]","(64.8,82.1]",5,4
05CGFS11,87,2.659643116,1026.91,4,"(5.44,9.2]","(53.6,64.8]",5,3
05CGFS12,155,3.564282691,1288.39,4,"(3.11,5.44]","(82.1,243]",4,5
05CGFS13,328,3.619211847,1100.17,3,"(5.44,9.2]","(53.6,64.8]",5,3
05CGFS14,106,3.506093541,1208.85,0,"(3.11,5.44]","(53.6,64.8]",4,3
05CGFS15,158,2.362574734,936.29,2,"(5.44,9.2]","(53.6,64.8]",5,3
05CGFS16,159,2.227516478,759.24,3,"(5.44,9.2]","(64.8,82.1]",5,4
05CGFS17,330,1.826034607,803.75,4,"(5.44,9.2]","(82.1,243]",5,5
05CGFS18,571,2.570698931,768.23,4,"(5.44,9.2]","(64.8,82.1]",5,4
05CGFS19,94,3.862593204,1387.19,6,"(5.44,9.2]","(64.8,82.1]",5,4
05CGFS20,738,1.615276014,697.41,5,"(5.44,9.2]","(64.8,82.1]",5,4
05CGFS21,9,1.131851291,691.51,1,"(5.44,9.2]","(64.8,82.1]",5,4
05CGFS22,331,2.068839273,978.94,3,"(5.44,9.2]","(53.6,64.8]",5,3
05CGFS23,55,3.072379344,747.76,5,"(5.44,9.2]","(64.8,82.1]",5,4
05CGFS24,76,3.270459059,1001.23,2,"(5.44,9.2]","(64.8,82.1]",5,4
05CGFS25,160,3.544871233,1023.13,2,"(5.44,9.2]","(64.8,82.1]",5,4
05CGFS26,750,1.855929264,618.94,2,"(5.44,9.2]","(82.1,243]",5,5
05CGFS27,102,1.696680285,883.54,1,"(5.44,9.2]","(64.8,82.1]",5,4
05CGFT01,544,2.799213744,869.94,3,"(3.11,5.44]","[7.8,41.4]",4,1
05CGFT02,930,1.571059959,1167.3,2,"(3.11,5.44]","(53.6,64.8]",4,3
05CGFT03,974,4.0748119,1121.59,3,"(0.086,3.11]","(41.4,53.6]",3,2
05CGFT04,545,2.173716999,1320.14,2,"(3.11,5.44]","(41.4,53.6]",4,2
05CGFT05,999,3.187815606,1573.41,4,"(0.086,3.11]","(41.4,53.6]",3,2
05CGFT06,274,3.355549497,1107.28,4,"(0.086,3.11]","[7.8,41.4]",3,1
05CGFT07,1000,1.941903514,822.23,2,"(-2.07,0.086]","[7.8,41.4]",2,1
05CGFT08,1001,5.03167829,1296.19,2,"(0.086,3.11]","[7.8,41.4]",3,1
05CGFT09,272,3.49702259,1120.13,5,"(3.11,5.44]","(41.4,53.6]",4,2
05CGFT10,558,4.074720709,1030.84,2,"(0.086,3.11]","[7.8,41.4]",3,1
05CGFT11,51,3.915518407,1200.23,3,"(0.086,3.11]","[7.8,41.4]",3,1
05CGFT12,550,2.608504253,1261.06,4,"(3.11,5.44]","[7.8,41.4]",4,1
05CGFT13,743,3.810190852,1421.04,6,"(3.11,5.44]","[7.8,41.4]",4,1
05CGFT14,261,2.38022297,1375.15,12,"(-2.07,0.086]","[7.8,41.4]",2,1
05CGFT15,135,1.633744981,1587.44,2,"[-6.54,-2.07]","[7.8,41.4]",1,1
05CGFT16,1002,0.875617264,705.72,0,"[-6.54,-2.07]","[7.8,41.4]",1,1
05CGFT17,552,1.807822046,1026.63,1,"(-2.07,0.086]","[7.8,41.4]",2,1
05CGFT18,1003,0.917153246,842.86,2,"[-6.54,-2.07]","(41.4,53.6]",1,2
05CGFT19,1004,1.072604195,961.92,1,"[-6.54,-2.07]","[7.8,41.4]",1,1
05CGFT20,1006,0.7578713,378.79,0,"[-6.54,-2.07]","[7.8,41.4]",1,1
05CGFT21,998,1.614522908,1379.79,1,"[-6.54,-2.07]","[7.8,41.4]",1,1
05CGFT22,1008,0.730935227,757.09,0,"[-6.54,-2.07]","(41.4,53.6]",1,2
05CGFT23,278,1.220781298,712.8,2,"[-6.54,-2.07]","[7.8,41.4]",1,1
05CGFT24,762,3.379239471,1159.67,3,"(0.086,3.11]","[7.8,41.4]",3,1
05CGFT25,68,1.896704267,997.35,3,"(0.086,3.11]","(41.4,53.6]",3,2
05CGFT26,1009,1.052997155,707.19,0,"(-2.07,0.086]","[7.8,41.4]",2,1
05CGFT27,1016,1.028840591,580.16,1,"[-6.54,-2.07]","[7.8,41.4]",1,1
05CGFT28,1012,0.412425462,387,2,"[-6.54,-2.07]","[7.8,41.4]",1,1
05CGFT29,796,3.299339737,1105.62,1,"(0.086,3.11]","[7.8,41.4]",3,1
05CGFT30,1014,1.590315397,1196.13,7,"[-6.54,-2.07]","(53.6,64.8]",1,3
05CGFT31,1010,0.389352367,356.52,0,"[-6.54,-2.07]","[7.8,41.4]",1,1
05CGFT32,798,0.352487789,466.7,0,"[-6.54,-2.07]","[7.8,41.4]",1,1
05CGFT33,1015,1.089949263,785.33,0,"[-6.54,-2.07]","[7.8,41.4]",1,1
05CGFT34,1013,0.368804963,425.2,1,"[-6.54,-2.07]","[7.8,41.4]",1,1
05CGFT35,801,0.643153437,579.91,0,"[-6.54,-2.07]","[7.8,41.4]",1,1
05CGFT36,594,3.220939331,1224.31,0,"(0.086,3.11]","(41.4,53.6]",3,2
05CGFT37,245,4.907282453,1646.22,6,"(3.11,5.44]","[7.8,41.4]",4,1
05CGFT38,813,2.777838324,998.62,1,"(0.086,3.11]","[7.8,41.4]",3,1
05CGFT39,597,6.040738647,1376.25,6,"(5.44,9.2]","(41.4,53.6]",5,2
05CGFT40,57,0.277140377,542.47,2,"(-2.07,0.086]","(41.4,53.6]",2,2
05CGFT41,1007,2.623731931,709.98,2,"(0.086,3.11]","[7.8,41.4]",3,1
05CGFT42,242,3.835952779,1136.64,4,"(3.11,5.44]","[7.8,41.4]",4,1
05CGFT43,983,2.007420249,844.56,0,"[-6.54,-2.07]","[7.8,41.4]",1,1
05CGFT44,259,0.68799287,335.87,0,"(-2.07,0.086]","[7.8,41.4]",2,1
05CGFT46,973,4.833430492,1034.1,2,"(3.11,5.44]","[7.8,41.4]",4,1
05CGFT47,985,3.708714279,1294.34,2,"(0.086,3.11]","[7.8,41.4]",3,1
05CGFT48,975,3.806492488,1370,2,"(0.086,3.11]","[7.8,41.4]",3,1
05CGFT49,807,1.195736183,859.56,0,"(0.086,3.11]","[7.8,41.4]",3,1
05CGFT50,808,2.361757048,1285.44,4,"[-6.54,-2.07]","[7.8,41.4]",1,1
05CGFT51,771,3.51473024,1207.95,3,"(3.11,5.44]","[7.8,41.4]",4,1
05CGFT52,1018,3.655308872,1234.64,3,"(3.11,5.44]","[7.8,41.4]",4,1
05CGFT53,812,6.18839333,1121.07,7,"(-2.07,0.086]","[7.8,41.4]",2,1
05CGFT54,781,1.898761382,1146.03,0,"(-2.07,0.086]","[7.8,41.4]",2,1
05CGFT55,978,2.854094654,1165.21,2,"(-2.07,0.086]","[7.8,41.4]",2,1
05CGFT56,979,2.431584032,1301.5,0,"[-6.54,-2.07]","[7.8,41.4]",1,1
05CGFT57,1029,1.108350019,976.3,1,"[-6.54,-2.07]","[7.8,41.4]",1,1
05CGFT58,980,0.819291478,535.79,1,"[-6.54,-2.07]","[7.8,41.4]",1,1
05CGFU01,775,2.129213893,477.45,3,"(0.086,3.11]","(82.1,243]",3,5
05CGFU02,252,6.004990473,933.4,4,"(0.086,3.11]","(64.8,82.1]",3,4
05CGFU03,982,1.514153706,445.37,0,"(0.086,3.11]","(82.1,243]",3,5
05CGFU04,601,1.896927051,575.6,2,"(0.086,3.11]","(82.1,243]",3,5
05CGFU05,599,1.440008415,339.6,1,"(-2.07,0.086]","(64.8,82.1]",2,4
05CGFU06,263,2.308708542,601.38,1,"(-2.07,0.086]","(64.8,82.1]",2,4
05CGFU07,190,1.259198405,386.69,2,"(0.086,3.11]","(82.1,243]",3,5
05CGFU08,257,2.750341555,640.11,2,"(-2.07,0.086]","(82.1,243]",2,5
05CGFU09,580,2.151675907,883.13,2,"(0.086,3.11]","(64.8,82.1]",3,4
05CGFU10,280,8.168702519,1165.27,2,"(-2.07,0.086]","(64.8,82.1]",2,4
05CGFU11,199,6.656730465,1185.8,4,"(-2.07,0.086]","(64.8,82.1]",2,4
05CGFU12,776,4.928504312,1095.61,10,"[-6.54,-2.07]","(53.6,64.8]",1,3
05CGFU13,583,1.885895473,548.89,5,"(0.086,3.11]","(64.8,82.1]",3,4
05CGFU14,256,2.403807525,1228.55,2,"[-6.54,-2.07]","(64.8,82.1]",1,4
05CGFU15,777,5.001335261,878.64,10,"(0.086,3.11]","(64.8,82.1]",3,4
05CGFU16,997,4.543580505,1072.76,3,"[-6.54,-2.07]","(64.8,82.1]",1,4
05CGFU17,778,1.878678963,558.85,2,"(0.086,3.11]","(53.6,64.8]",3,3
05CGFU18,779,1.379791954,518.54,0,"(3.11,5.44]","(64.8,82.1]",4,4
05CGFU19,780,2.483206435,783.4,0,"(0.086,3.11]","(64.8,82.1]",3,4
05CGFU20,986,0.374642493,220.72,0,"(3.11,5.44]","(64.8,82.1]",4,4
05CGFU21,782,1.281004422,502.75,3,"(3.11,5.44]","(64.8,82.1]",4,4
05CGFU22,772,3.109374925,1001.9,4,"(-2.07,0.086]","(64.8,82.1]",2,4
05CGFU23,264,3.084366535,1128.17,0,"(-2.07,0.086]","(64.8,82.1]",2,4
05CGFU24,784,1.101409543,532.14,2,"(3.11,5.44]","(82.1,243]",4,5
05CGFU25,988,3.017486668,1461.29,2,"[-6.54,-2.07]","(64.8,82.1]",1,4
05CGFU26,785,2.932104769,1194.06,3,"[-6.54,-2.07]","(64.8,82.1]",1,4
05CGFU27,989,2.886731471,628.46,1,"(0.086,3.11]","(64.8,82.1]",3,4
05CGFU28,786,1.262489565,631.82,2,"(3.11,5.44]","(82.1,243]",4,5
05CGFU29,640,3.032759884,1013.16,5,"[-6.54,-2.07]","(64.8,82.1]",1,4
05CGFU30,590,3.975212306,1326.48,3,"(-2.07,0.086]","(64.8,82.1]",2,4
05CGFU31,787,1.155328836,586.03,3,"(0.086,3.11]","(64.8,82.1]",3,4
05CGFU32,64,1.563028163,402.6,0,"(0.086,3.11]","(82.1,243]",3,5
05CGFU33,18,2.315900022,844.27,1,"(-2.07,0.086]","(64.8,82.1]",2,4
05CGFU34,416,1.352318875,518.16,2,"(0.086,3.11]","(82.1,243]",3,5
05CGFU35,412,1.742366527,554.92,1,"(0.086,3.11]","(82.1,243]",3,5
05CGFW01,75,3.25502703,984.49,2,"(3.11,5.44]","(53.6,64.8]",4,3
05CGFW02,576,3.305604494,1004.52,1,"(5.44,9.2]","(64.8,82.1]",5,4
05CGFW03,11,4.09843898,1484.12,1,"(3.11,5.44]","(41.4,53.6]",4,2
05CGFW04,227,4.530219678,1365.54,5,"(0.086,3.11]","(41.4,53.6]",3,2
05CGFW05,581,3.005190016,968.26,2,"(3.11,5.44]","(53.6,64.8]",4,3
05CGFW06,77,2.448613365,1029.26,3,"(5.44,9.2]","(53.6,64.8]",5,3
05CGFW07,208,3.896838686,997.42,2,"(5.44,9.2]","(64.8,82.1]",5,4
05CGFW08,189,1.509096558,1275.23,2,"[-6.54,-2.07]","(53.6,64.8]",1,3
05CGFW09,411,2.08212066,817.64,0,"(3.11,5.44]","(53.6,64.8]",4,3
05CGFW10,579,3.162382808,911.93,2,"(3.11,5.44]","(41.4,53.6]",4,2
05CGFW11,202,1.411524805,799.03,1,"(3.11,5.44]","(41.4,53.6]",4,2
05CGFW12,203,1.836379691,1147.82,3,"(3.11,5.44]","(41.4,53.6]",4,2
05CGFW13,205,3.781525373,1334.45,4,"(0.086,3.11]","(53.6,64.8]",3,3
05CGFW14,206,4.793013341,1261.73,3,"(3.11,5.44]","(53.6,64.8]",4,3
05CGFW15,578,3.310837522,1067.02,2,"(3.11,5.44]","(41.4,53.6]",4,2
05CGFW16,577,3.578301951,933.47,2,"(5.44,9.2]","(53.6,64.8]",5,3
05CGFW17,584,3.103686431,1382.76,2,"(0.086,3.11]","(41.4,53.6]",3,2
05CGFW18,606,4.016130145,1204.62,7,"(3.11,5.44]","(64.8,82.1]",4,4
05CGFW19,605,3.075794603,941.12,2,"(3.11,5.44]","(53.6,64.8]",4,3
05CGFW20,413,3.370326997,979.77,1,"(5.44,9.2]","(53.6,64.8]",5,3
05CGFW21,788,2.884644017,964.59,1,"(3.11,5.44]","(53.6,64.8]",4,3
05CGFW22,417,3.940672285,1252.25,3,"(0.086,3.11]","(53.6,64.8]",3,3
05CGFW23,608,3.271021955,858.21,5,"(3.11,5.44]","(53.6,64.8]",4,3
05CGFW24,58,4.304198193,1113.7,5,"(3.11,5.44]","(53.6,64.8]",4,3
05CGFW25,241,2.876549122,1043.11,6,"(3.11,5.44]","(53.6,64.8]",4,3
05CGFW26,414,2.792961231,1114.66,9,"(3.11,5.44]","(41.4,53.6]",4,2
05CGFW27,598,5.434630561,892.73,3,"(5.44,9.2]","(41.4,53.6]",5,2
05CGFW28,595,5.069114995,1136.02,16,"(-2.07,0.086]","(53.6,64.8]",2,3
05CGFW29,246,3.488338426,1244.24,5,"(5.44,9.2]","(53.6,64.8]",5,3
05CGFW30,72,3.677094684,1321.76,5,"[-6.54,-2.07]","(53.6,64.8]",1,3
05CGFW31,593,2.9557976,909.58,3,"(5.44,9.2]","(53.6,64.8]",5,3
05CGFW32,81,3.616265838,1206.8,8,"(5.44,9.2]","(64.8,82.1]",5,4
05CGFX01,789,2.279722785,974.17,2,"(5.44,9.2]","(82.1,243]",5,5
05CGFX06,992,0.472365612,477.07,0,"(3.11,5.44]","(82.1,243]",4,5
05CGFX07,751,5.174346615,1060.38,6,"(0.086,3.11]","(64.8,82.1]",3,4
05CGFX08,791,1.664640916,717.97,2,"(-2.07,0.086]","(64.8,82.1]",2,4
05CGFX09,378,2.280908686,862.92,1,"(0.086,3.11]","(64.8,82.1]",3,4
05CGFX10,67,1.710021806,662.26,0,"(-2.07,0.086]","(64.8,82.1]",2,4
05CGFX11,790,0.683527932,420.8,0,"(0.086,3.11]","(64.8,82.1]",3,4
05CGFX12,554,2.697818981,908.96,0,"(0.086,3.11]","(64.8,82.1]",3,4
05CGFX13,8,3.94919242,1188.74,23,"(3.11,5.44]","(64.8,82.1]",4,4
05CGFX14,553,3.847894795,831.55,7,"(5.44,9.2]","(64.8,82.1]",5,4
05CGFX15,144,6.857443505,1362.04,5,"(3.11,5.44]","(82.1,243]",4,5
05CGFX16,1020,0.110095338,80.7,0,"(3.11,5.44]","(82.1,243]",4,5
05CGFX17,543,2.969043936,665.17,1,"(0.086,3.11]","(53.6,64.8]",3,3
05CGFX18,372,1.280419672,531.07,9,"(0.086,3.11]","(64.8,82.1]",3,4
05CGFX19,65,1.638340468,607.21,4,"(0.086,3.11]","(64.8,82.1]",3,4
05CGFX20,895,1.280494981,398.51,0,"(5.44,9.2]","(64.8,82.1]",5,4
05CGFX21,887,2.339652297,539.62,4,"(5.44,9.2]","(64.8,82.1]",5,4
05CGFX22,370,3.856502116,1026.19,4,"(5.44,9.2]","(82.1,243]",5,5
05CGFX23,885,2.419353116,548.34,2,"(-2.07,0.086]","(53.6,64.8]",2,3
05CGFX24,50,1.535695578,627.57,0,"(-2.07,0.086]","(53.6,64.8]",2,3
05CGFX25,548,1.709937373,557.93,0,"(0.086,3.11]","(53.6,64.8]",3,3
05CGFX26,547,1.844467292,534.7,1,"(5.44,9.2]","(82.1,243]",5,5
05CGFX27,883,2.15620287,861.62,1,"(5.44,9.2]","(82.1,243]",5,5
05CGFX28,880,1.03012095,245.24,0,"(5.44,9.2]","(82.1,243]",5,5
05CGFX29,367,1.600789647,532.91,4,"(0.086,3.11]","(53.6,64.8]",3,3
05CGFX30,792,2.267222684,515.51,1,"(0.086,3.11]","(53.6,64.8]",3,3
05CGFX31,351,0.839707284,342.1,4,"(5.44,9.2]","(64.8,82.1]",5,4
05CGFX32,915,1.685247294,730.39,1,"(5.44,9.2]","(64.8,82.1]",5,4
05CGFX33,1028,0.273771792,138.88,0,"(5.44,9.2]","(64.8,82.1]",5,4
05CGFX34,913,3.389903343,612.28,3,"(5.44,9.2]","(82.1,243]",5,5
05CGFX35,911,1.963348865,680.21,3,"(5.44,9.2]","(82.1,243]",5,5
05CGFX36,910,1.582868112,596.59,1,"(5.44,9.2]","(82.1,243]",5,5
05CGFX37,54,1.550147727,570.04,2,"(5.44,9.2]","(82.1,243]",5,5
05CGFX39,97,0.489396622,290.39,2,"(3.11,5.44]","(82.1,243]",4,5
05CGFX40,568,0.163874974,125.92,0,"(5.44,9.2]","(82.1,243]",5,5
05CGFX42,909,2.449666319,475.67,2,"(5.44,9.2]","(82.1,243]",5,5
05CGFY01,166,1.808304628,899.68,0,"(5.44,9.2]","(41.4,53.6]",5,2
05CGFY02,607,1.381172775,1013.68,3,"(3.11,5.44]","(41.4,53.6]",4,2
05CGFY03,774,3.194781551,867.25,4,"(5.44,9.2]","(41.4,53.6]",5,2
05CGFY04,56,2.207392334,968.64,2,"(3.11,5.44]","(41.4,53.6]",4,2
05CGFY05,802,1.694313304,1032.93,2,"(0.086,3.11]","(41.4,53.6]",3,2
05CGFY06,573,3.040935562,992.97,0,"(5.44,9.2]","(41.4,53.6]",5,2
05CGFY07,49,3.171962672,1063.75,7,"(5.44,9.2]","[7.8,41.4]",5,1
05CGFY08,572,3.692004155,1073.28,4,"(-2.07,0.086]","(41.4,53.6]",2,2
05CGFY09,170,2.597142004,1087.96,1,"(3.11,5.44]","(41.4,53.6]",4,2
05CGFY10,396,4.181643803,1337.57,6,"(3.11,5.44]","(41.4,53.6]",4,2
05CGFY11,570,2.893841908,1198.14,0,"(3.11,5.44]","(41.4,53.6]",4,2
05CGFY12,361,3.212279014,1074.55,4,"(-2.07,0.086]","(53.6,64.8]",2,3
05CGFY13,157,3.391563654,1157.75,2,"(-2.07,0.086]","(41.4,53.6]",2,2
05CGFY14,569,3.971249595,1370.22,2,"[-6.54,-2.07]","(53.6,64.8]",1,3
05CGFY15,559,2.022237396,991.75,1,"[-6.54,-2.07]","(41.4,53.6]",1,2
05CGFY16,783,4.745620363,1158.03,2,"(-2.07,0.086]","(53.6,64.8]",2,3
05CGFY17,90,2.417813606,1457.87,4,"(3.11,5.44]","(41.4,53.6]",4,2
05CGFY18,180,3.870571853,1300.81,4,"(-2.07,0.086]","(41.4,53.6]",2,2
05CGFY19,89,2.103214415,877.92,2,"[-6.54,-2.07]","(64.8,82.1]",1,4
05CGFY20,810,4.824190135,981.26,2,"(3.11,5.44]","(64.8,82.1]",4,4
05CGFY21,806,1.717549348,832.32,1,"(3.11,5.44]","(41.4,53.6]",4,2
05CGFY22,575,4.309661814,1147.93,1,"(3.11,5.44]","[7.8,41.4]",4,1
05CGFY23,358,4.616666835,950.17,1,"(3.11,5.44]","[7.8,41.4]",4,1
05CGFY24,805,2.860573014,1097.73,3,"(3.11,5.44]","(41.4,53.6]",4,2
05CGFY25,356,3.187362819,1018.55,7,"(3.11,5.44]","(41.4,53.6]",4,2
05CGFY26,183,3.414502181,1002.58,2,"(3.11,5.44]","(53.6,64.8]",4,3
05CGFY27,793,8.47982423,1257.65,10,"(3.11,5.44]","[7.8,41.4]",4,1
05CGFY28,85,9.244671901,1343.6,6,"(3.11,5.44]","[7.8,41.4]",4,1
05CGFY29,900,2.855014086,811.92,2,"(3.11,5.44]","(41.4,53.6]",4,2
05CGFY30,14,2.084143208,761.83,2,"(5.44,9.2]","[7.8,41.4]",5,1
05CGFY31,15,4.789359037,1271.4,2,"(5.44,9.2]","(41.4,53.6]",5,2
05CGFY32,803,2.940721347,790.34,4,"(5.44,9.2]","(41.4,53.6]",5,2
05CGFY33,354,2.860881087,927.49,3,"(5.44,9.2]","(41.4,53.6]",5,2
05CGFY34,353,1.923223338,737.39,1,"(5.44,9.2]","[7.8,41.4]",5,1
05CGFY35,83,6.128647024,907.54,1,"(5.44,9.2]","(41.4,53.6]",5,2
05CGFZ01,800,3.760699208,1318.54,0,"(3.11,5.44]","(82.1,243]",4,5
05CGFZ02,799,3.640083766,1138.32,2,"(5.44,9.2]","(82.1,243]",5,5
05CGFZ03,394,2.706409454,1007.62,0,"(5.44,9.2]","(82.1,243]",5,5
05CGFZ04,797,1.517680557,824.68,5,"(5.44,9.2]","(64.8,82.1]",5,4
05CGFZ05,364,2.285190439,1102.67,2,"(0.086,3.11]","(82.1,243]",3,5
05CGFZ06,903,2.98692383,1163.85,2,"(3.11,5.44]","(82.1,243]",4,5
05CGFZ07,366,2.159133868,1172.64,2,"(5.44,9.2]","(82.1,243]",5,5
05CGFZ08,561,2.180997582,811.81,3,"(0.086,3.11]","(82.1,243]",3,5
05CGFZ09,795,1.77822602,818.62,0,"[-6.54,-2.07]","(82.1,243]",1,5
05CGFZ10,560,5.174537329,935.34,9,"(0.086,3.11]","(82.1,243]",3,5
05CGFZ11,557,0.823971541,929,1,"[-6.54,-2.07]","(64.8,82.1]",1,4
05CGFZ12,88,1.399091388,767.01,0,"[-6.54,-2.07]","(82.1,243]",1,5
05CGFZ13,625,1.615225511,794.94,0,"(-2.07,0.086]","(82.1,243]",2,5
05CGFZ14,408,2.861372945,806.45,4,"(3.11,5.44]","(64.8,82.1]",4,4
05CGFZ15,645,3.46970724,1075.53,3,"(5.44,9.2]","(53.6,64.8]",5,3
05CGFZ16,91,1.95976215,783.19,3,"(5.44,9.2]","(41.4,53.6]",5,2
05CGFZ17,642,0.241228874,623.98,0,"[-6.54,-2.07]","(53.6,64.8]",1,3
05CGFZ18,918,6.20769483,1350.2,2,"(0.086,3.11]","(64.8,82.1]",3,4
05CGFZ19,641,4.240377261,1065.49,2,"(5.44,9.2]","(64.8,82.1]",5,4
05CGFZ20,92,0.711009565,731.87,0,"(5.44,9.2]","(53.6,64.8]",5,3
05CGFZ21,140,3.241267237,1051.64,2,"(5.44,9.2]","(53.6,64.8]",5,3
05CGFZ22,639,1.831815263,698.86,1,"(-2.07,0.086]","(64.8,82.1]",2,4
05CGFZ23,643,2.76681027,718.29,3,"(0.086,3.11]","(82.1,243]",3,5
05CGFZ24,404,0.635460384,398.4,0,"(5.44,9.2]","(64.8,82.1]",5,4
05CGFZ25,21,1.8002667,630.5,1,"(0.086,3.11]","(82.1,243]",3,5
05CGFZ26,403,2.941272547,949.01,2,"(3.11,5.44]","(64.8,82.1]",4,4
05CGFZ27,48,6.44048793,1290.1,10,"(5.44,9.2]","(53.6,64.8]",5,3
05CGFZ28,23,2.241466244,685.99,2,"(0.086,3.11]","(82.1,243]",3,5
05CGFZ29,638,2.906405141,1086.67,3,"(3.11,5.44]","(64.8,82.1]",4,4
05CGFZ30,96,2.390087924,1095.86,2,"(3.11,5.44]","(53.6,64.8]",4,3
05CGFZ31,647,2.071966363,860.66,1,"(-2.07,0.086]","(82.1,243]",2,5
05CGFZ32,652,2.887071196,835.82,0,"(0.086,3.11]","(82.1,243]",3,5
05CGGA01,141,1.384739571,634.33,0,"(0.086,3.11]","(64.8,82.1]",3,4
05CGGA02,655,4.224292073,783.39,3,"(3.11,5.44]","(53.6,64.8]",4,3
05CGGA03,794,1.557243306,608,3,"(5.44,9.2]","(53.6,64.8]",5,3
05CGGA04,610,3.234307143,1163,3,"(3.11,5.44]","(64.8,82.1]",4,4
05CGGA05,624,4.304758052,1082.76,1,"(3.11,5.44]","(53.6,64.8]",4,3
05CGGA06,614,1.682955234,436.33,3,"(3.11,5.44]","(82.1,243]",4,5
05CGGA07,908,1.5067512,547.7,2,"(5.44,9.2]","(64.8,82.1]",5,4
05CGGA08,731,1.293406553,557.92,0,"(5.44,9.2]","(53.6,64.8]",5,3
05CGGA09,152,0.818001004,644.47,3,"(5.44,9.2]","(41.4,53.6]",5,2
05CGGA10,398,1.118046204,878.91,0,"(3.11,5.44]","(41.4,53.6]",4,2
05CGGA11,773,0.982113404,352.89,2,"(5.44,9.2]","(41.4,53.6]",5,2
05CGGA12,1022,1.509581032,444.78,0,"(5.44,9.2]","(53.6,64.8]",5,3
05CGGA13,39,1.690916193,797.38,2,"(3.11,5.44]","(53.6,64.8]",4,3
05CGGA14,629,2.10350234,675.16,2,"(-2.07,0.086]","(64.8,82.1]",2,4
05CGGA15,1025,1.654607506,596.59,0,"(5.44,9.2]","(64.8,82.1]",5,4
05CGGA16,748,2.004320584,543.96,2,"(-2.07,0.086]","(64.8,82.1]",2,4
05CGGA17,176,1.110973384,597.62,1,"(5.44,9.2]","(53.6,64.8]",5,3
05CGGA18,393,1.949370575,485.79,0,"(5.44,9.2]","(53.6,64.8]",5,3
05CGGA19,127,0.589843289,458.01,0,"(5.44,9.2]","(41.4,53.6]",5,2
05CGGA20,626,3.212658829,1095.3,3,"(5.44,9.2]","(41.4,53.6]",5,2
05CGGA21,174,2.61582099,999.61,1,"(5.44,9.2]","(53.6,64.8]",5,3
05CGGA22,101,2.460328047,825.39,2,"(5.44,9.2]","(64.8,82.1]",5,4
05CGGA23,22,2.669068006,933.01,0,"(5.44,9.2]","(53.6,64.8]",5,3
05CGGA24,392,2.666891974,1253.84,3,"(3.11,5.44]","(64.8,82.1]",4,4
05CGGA25,391,2.270566415,880.36,4,"(5.44,9.2]","(41.4,53.6]",5,2
05CGGA26,243,2.458766167,936.86,1,"(5.44,9.2]","(53.6,64.8]",5,3
05CGGA27,747,2.357737375,793.12,2,"(5.44,9.2]","(53.6,64.8]",5,3
05CGGA28,746,2.470108566,837.13,4,"(3.11,5.44]","(53.6,64.8]",4,3
05CGGA29,388,3.189264261,789.67,5,"(5.44,9.2]","(53.6,64.8]",5,3
05CGGA30,617,3.908399433,1080.13,2,"(5.44,9.2]","(53.6,64.8]",5,3
05CGGA31,387,2.82212774,766.11,2,"(5.44,9.2]","(53.6,64.8]",5,3
05CGGA32,386,2.929219942,954.03,3,"(5.44,9.2]","(64.8,82.1]",5,4
05CGGA33,95,2.601884933,943.7,1,"(5.44,9.2]","(64.8,82.1]",5,4
05CGGA34,385,1.269973802,691.7,1,"(5.44,9.2]","(53.6,64.8]",5,3
05CGGA35,611,3.473327077,1183.35,4,"(5.44,9.2]","(53.6,64.8]",5,3
05CGGA36,74,5.130307254,1159.88,3,"(5.44,9.2]","(53.6,64.8]",5,3
05CGGA37,233,2.301571481,850.1,2,"(5.44,9.2]","(41.4,53.6]",5,2
05CGGB01,745,2.448998745,922.22,1,"(5.44,9.2]","(82.1,243]",5,5
05CGGB02,744,0.325643462,233.78,1,"(5.44,9.2]","(82.1,243]",5,5
05CGGB03,45,0.098683358,175.23,0,"(5.44,9.2]","(82.1,243]",5,5
05CGGB05,742,1.268017053,513.49,2,"(5.44,9.2]","(82.1,243]",5,5
05CGGB06,237,5.026064953,872.63,10,"(0.086,3.11]","(82.1,243]",3,5
05CGGB07,382,1.158374299,512.54,4,"(3.11,5.44]","(82.1,243]",4,5
05CGGB08,254,3.939077397,871.48,8,"(5.44,9.2]","(82.1,243]",5,5
05CGGB09,730,3.060605306,926.91,0,"(5.44,9.2]","(82.1,243]",5,5
05CGGB10,250,0.97311702,343.97,0,"(0.086,3.11]","(82.1,243]",3,5
05CGGB11,363,2.899846185,676.64,3,"(0.086,3.11]","(82.1,243]",3,5
05CGGB12,453,4.584424378,1074.14,2,"(3.11,5.44]","(82.1,243]",4,5
05CGGB13,38,3.424723809,1050.41,5,"(5.44,9.2]","(82.1,243]",5,5
05CGGB14,454,0.476952429,315.34,2,"(3.11,5.44]","(82.1,243]",4,5
05CGGB15,455,1.173573922,569.15,2,"(0.086,3.11]","(82.1,243]",3,5
05CGGB16,230,3.13233813,833.47,0,"(5.44,9.2]","(82.1,243]",5,5
05CGGB17,740,1.628477549,493.58,0,"(3.11,5.44]","(82.1,243]",4,5
05CGGB18,892,2.650563968,898.72,2,"(5.44,9.2]","(82.1,243]",5,5
05CGGB19,461,1.128757068,701.19,2,"(5.44,9.2]","(82.1,243]",5,5
05CGGB20,389,2.727917063,609.86,7,"(3.11,5.44]","(64.8,82.1]",4,4
05CGGB21,473,1.878778171,616.93,1,"(5.44,9.2]","(82.1,243]",5,5
05CGGB22,476,3.355351789,852.96,3,"(5.44,9.2]","(64.8,82.1]",5,4
05CGGB23,465,1.810609013,701.55,4,"(3.11,5.44]","(82.1,243]",4,5
05CGGB24,879,3.687085355,886.44,3,"(0.086,3.11]","(64.8,82.1]",3,4
05CGGB25,733,1.774409645,428.12,1,"(3.11,5.44]","(64.8,82.1]",4,4
05CGGB26,410,0.936249605,568.28,0,"(3.11,5.44]","(82.1,243]",4,5
05CGGB27,200,1.510941062,554.18,1,"(3.11,5.44]","(82.1,243]",4,5
05CGGB28,429,1.504580437,618.92,2,"(5.44,9.2]","(82.1,243]",5,5
05CGGB30,739,0.838099282,425.07,1,"(0.086,3.11]","(64.8,82.1]",3,4
05CGGB31,741,2.044918783,723.01,1,"(0.086,3.11]","(82.1,243]",3,5
05CGGB32,397,0.739756646,479.89,0,"(5.44,9.2]","(82.1,243]",5,5
05CGGB33,765,1.056690921,420.01,0,"(3.11,5.44]","(82.1,243]",4,5
05CGGB34,763,1.825173357,719.39,3,"(5.44,9.2]","(82.1,243]",5,5
05CGGB35,831,1.498426405,580.89,0,"(5.44,9.2]","(82.1,243]",5,5
05CGGB36,761,1.733540669,501.45,0,"(3.11,5.44]","(82.1,243]",4,5
05CGGB41,757,2.014392238,832,6,"(3.11,5.44]","(82.1,243]",4,5
05CGGB42,451,1.978541991,784.83,0,"(3.11,5.44]","(82.1,243]",4,5
05CGGC01,63,1.81022817,1266.49,5,"(-2.07,0.086]","(41.4,53.6]",2,2
05CGGC02,191,4.165361299,1442.24,3,"(0.086,3.11]","(41.4,53.6]",3,2
05CGGC03,430,3.204991888,954.23,3,"(3.11,5.44]","(41.4,53.6]",4,2
05CGGC04,197,2.431659703,1042.46,3,"(5.44,9.2]","(64.8,82.1]",5,4
05CGGC05,399,2.41159087,885.3,1,"(3.11,5.44]","(41.4,53.6]",4,2
05CGGC06,400,1.816274247,991.43,0,"(3.11,5.44]","(41.4,53.6]",4,2
05CGGC07,226,2.73982305,932.41,4,"(5.44,9.2]","(41.4,53.6]",5,2
05CGGC08,444,7.353313875,1318.01,8,"(3.11,5.44]","(41.4,53.6]",4,2
05CGGC09,40,2.381229923,1009.21,5,"(5.44,9.2]","(41.4,53.6]",5,2
05CGGC10,754,2.272621202,985.27,1,"(5.44,9.2]","(41.4,53.6]",5,2
05CGGC11,222,1.876284615,871.11,5,"(5.44,9.2]","(53.6,64.8]",5,3
05CGGC12,78,1.834889697,877.03,2,"(3.11,5.44]","(41.4,53.6]",4,2
05CGGC13,221,2.219381989,832.89,2,"(3.11,5.44]","(82.1,243]",4,5
05CGGC14,220,2.279974605,973.56,3,"(5.44,9.2]","(41.4,53.6]",5,2
05CGGC15,209,3.179933909,936.74,1,"(5.44,9.2]","(41.4,53.6]",5,2
05CGGC16,37,2.581086909,817.56,5,"(5.44,9.2]","(41.4,53.6]",5,2
05CGGC17,446,0.984630966,768.47,2,"(5.44,9.2]","(41.4,53.6]",5,2
05CGGC18,80,2.305120231,676.46,1,"(5.44,9.2]","(53.6,64.8]",5,3
05CGGC19,73,2.033465891,860.27,0,"(3.11,5.44]","(64.8,82.1]",4,4
05CGGC20,447,2.031623501,746.64,4,"(3.11,5.44]","(53.6,64.8]",4,3
05CGGC21,449,4.207704009,1213.66,1,"(3.11,5.44]","(41.4,53.6]",4,2
05CGGC22,34,2.631228081,949.17,1,"(5.44,9.2]","(41.4,53.6]",5,2
05CGGC23,450,2.787081577,896.36,4,"(5.44,9.2]","(53.6,64.8]",5,3
05CGGC24,401,2.658341919,704.07,2,"(5.44,9.2]","(41.4,53.6]",5,2
05CGGC25,35,1.639804399,653.01,3,"(5.44,9.2]","(41.4,53.6]",5,2
05CGGC26,212,2.328119904,660.03,2,"(5.44,9.2]","(41.4,53.6]",5,2
05CGGC27,86,2.384031322,739.68,6,"(5.44,9.2]","(41.4,53.6]",5,2
05CGGC28,402,2.225740189,909.66,2,"(5.44,9.2]","(53.6,64.8]",5,3
05CGGC29,210,2.887518735,1280.16,3,"(3.11,5.44]","(41.4,53.6]",4,2
05CGGC30,110,2.202682551,684.9,1,"(5.44,9.2]","(53.6,64.8]",5,3
05CGGC31,211,1.722390833,738.39,1,"(5.44,9.2]","(53.6,64.8]",5,3
05CGGC32,752,1.667466945,723.85,1,"(5.44,9.2]","(64.8,82.1]",5,4
05CGGD02,439,2.360392872,884.99,1,"[-6.54,-2.07]","[7.8,41.4]",1,1
05CGGD03,479,4.291933259,1032.52,2,"(3.11,5.44]","[7.8,41.4]",4,1
05CGGD04,749,1.671218668,786.18,1,"[-6.54,-2.07]","[7.8,41.4]",1,1
05CGGD05,814,3.454025143,1273.6,4,"(0.086,3.11]","[7.8,41.4]",3,1
05CGGD06,36,2.419333046,977.41,5,"(0.086,3.11]","[7.8,41.4]",3,1
05CGGD07,861,4.803328307,1369.88,2,"(-2.07,0.086]","[7.8,41.4]",2,1
05CGGD08,916,1.217431029,784.67,2,"[-6.54,-2.07]","[7.8,41.4]",1,1
05CGGD09,857,4.185790909,774.07,1,"(-2.07,0.086]","[7.8,41.4]",2,1
05CGGD10,855,3.804965751,1450.47,1,"(-2.07,0.086]","[7.8,41.4]",2,1
05CGGD11,516,2.749768172,1280.62,1,"[-6.54,-2.07]","[7.8,41.4]",1,1
05CGGD12,407,3.769747018,1623.33,6,"[-6.54,-2.07]","[7.8,41.4]",1,1
05CGGD13,853,2.717290493,908.68,1,"(-2.07,0.086]","[7.8,41.4]",2,1
05CGGD14,114,3.657230902,1260.41,1,"(-2.07,0.086]","[7.8,41.4]",2,1
05CGGD16,852,4.982153214,865.63,2,"[-6.54,-2.07]","[7.8,41.4]",1,1
05CGGD17,858,1.619585787,667.95,1,"(-2.07,0.086]","[7.8,41.4]",2,1
05CGGD18,521,3.321869134,1288.22,1,"(0.086,3.11]","[7.8,41.4]",3,1
05CGGD19,875,3.446025703,1429.32,3,"(-2.07,0.086]","[7.8,41.4]",2,1
05CGGD20,874,1.653598487,1236.96,1,"[-6.54,-2.07]","[7.8,41.4]",1,1
05CGGD21,524,3.359074281,1453.57,2,"[-6.54,-2.07]","[7.8,41.4]",1,1
05CGGD22,537,1.879905331,854.05,1,"(-2.07,0.086]","[7.8,41.4]",2,1
05CGGD23,912,0.22198002,275.87,0,"[-6.54,-2.07]","[7.8,41.4]",1,1
05CGGD24,877,1.620243803,945.79,1,"[-6.54,-2.07]","[7.8,41.4]",1,1
05CGGD25,888,5.948705232,1125.75,0,"(0.086,3.11]","[7.8,41.4]",3,1
05CGGD26,829,2.074278592,768.71,1,"[-6.54,-2.07]","(41.4,53.6]",1,2
05CGGD27,882,4.004493179,1665.29,1,"(-2.07,0.086]","[7.8,41.4]",2,1
05CGGD28,362,4.111291595,1501.73,3,"(-2.07,0.086]","(41.4,53.6]",2,2
05CGGD29,824,7.484877,1748.37,10,"(0.086,3.11]","[7.8,41.4]",3,1
05CGGD31,41,1.776244452,914.6,2,"[-6.54,-2.07]","(41.4,53.6]",1,2
05CGGD32,17,2.492863744,1137.11,0,"[-6.54,-2.07]","(53.6,64.8]",1,3
05CGGD33,484,4.37332926,892.42,6,"(-2.07,0.086]","(53.6,64.8]",2,3
05CGGD34,1023,3.073236272,1012.8,1,"(-2.07,0.086]","(82.1,243]",2,5
05CGGD35,488,6.591743383,1464.87,2,"(-2.07,0.086]","[7.8,41.4]",2,1
05CGGD36,490,2.960632197,1003.17,2,"[-6.54,-2.07]","(41.4,53.6]",1,2
05CGGD37,905,2.983919046,1188.82,1,"(-2.07,0.086]","(53.6,64.8]",2,3
05CGGD38,119,3.228836113,831.7,0,"(-2.07,0.086]","(53.6,64.8]",2,3
05CGGD39,496,2.852923267,1270.22,1,"[-6.54,-2.07]","[7.8,41.4]",1,1
05CGGD40,1027,3.220562026,1248.05,0,"(-2.07,0.086]","(41.4,53.6]",2,2
05CGGD41,899,3.356789576,1217.09,0,"(0.086,3.11]","(53.6,64.8]",3,3
05CGGD42,898,1.330850821,1328.32,2,"[-6.54,-2.07]","(53.6,64.8]",1,3
05CGGD43,818,2.88149851,870.56,3,"(-2.07,0.086]","(53.6,64.8]",2,3
05CGGD44,371,10.05020923,1505.61,5,"(3.11,5.44]","(41.4,53.6]",4,2
05CGGD45,142,4.409499931,1490.85,4,"(0.086,3.11]","(41.4,53.6]",3,2
05CGGD46,847,3.72919506,1403.49,3,"[-6.54,-2.07]","(53.6,64.8]",1,3
05CGGD47,504,3.922907735,1653.14,7,"(3.11,5.44]","(41.4,53.6]",4,2
05CGGD48,374,2.101171521,1380.84,2,"(-2.07,0.086]","(53.6,64.8]",2,3
05CGGE05,375,1.151235968,688.47,1,"[-6.54,-2.07]","[7.8,41.4]",1,1
05CGGE06,376,5.519564351,922.04,5,"(-2.07,0.086]","[7.8,41.4]",2,1
05CGGE07,845,2.884446762,1154.63,4,"(-2.07,0.086]","[7.8,41.4]",2,1
05CGGE08,10,7.137100124,1389.37,12,"(-2.07,0.086]","[7.8,41.4]",2,1
05CGGE09,108,2.871442798,1069.18,0,"(-2.07,0.086]","[7.8,41.4]",2,1
05CGGE10,377,2.586465065,1139.81,5,"(-2.07,0.086]","[7.8,41.4]",2,1
05CGGE11,3,1.473891303,827.48,1,"(0.086,3.11]","[7.8,41.4]",3,1
05CGGE12,4,4.208464711,1019.77,5,"(-2.07,0.086]","[7.8,41.4]",2,1
05CGGE13,379,5.839654755,1363.5,3,"(0.086,3.11]","[7.8,41.4]",3,1
05CGGE14,352,4.528090353,1274.27,3,"(3.11,5.44]","[7.8,41.4]",4,1
05CGGE15,426,2.898073054,1167.19,3,"(5.44,9.2]","[7.8,41.4]",5,1
05CGGE16,844,1.818519055,857.37,0,"(0.086,3.11]","[7.8,41.4]",3,1
05CGGE17,897,3.958851999,1369.22,3,"(0.086,3.11]","[7.8,41.4]",3,1
05CGGE18,914,3.005719404,1015.85,7,"[-6.54,-2.07]","[7.8,41.4]",1,1
05CGGE19,832,2.836893428,1041.88,2,"(-2.07,0.086]","[7.8,41.4]",2,1
05CGGE20,906,0.934788734,746.14,0,"(0.086,3.11]","[7.8,41.4]",3,1
05CGGE21,506,1.757886203,1210.79,3,"(-2.07,0.086]","[7.8,41.4]",2,1
05CGGE22,505,2.494699858,1284.33,1,"(0.086,3.11]","[7.8,41.4]",3,1
05CGGE23,420,2.927937059,1040.11,2,"(-2.07,0.086]","[7.8,41.4]",2,1
05CGGE24,1024,0.501912071,869.15,1,"[-6.54,-2.07]","[7.8,41.4]",1,1
05CGGE25,917,2.306702971,1023.35,1,"(-2.07,0.086]","[7.8,41.4]",2,1
05CGGE26,840,0.79667964,806.2,1,"[-6.54,-2.07]","[7.8,41.4]",1,1
05CGGE27,849,1.941556722,923.06,1,"(-2.07,0.086]","[7.8,41.4]",2,1
05CGGF01,499,5.134455864,1224.83,4,"(-2.07,0.086]","(64.8,82.1]",2,4
05CGGF02,162,2.309188371,1095.66,4,"(-2.07,0.086]","(64.8,82.1]",2,4
05CGGF03,418,3.166780679,965.09,0,"(-2.07,0.086]","(64.8,82.1]",2,4
05CGGF04,491,2.159542108,795.19,0,"(0.086,3.11]","(82.1,243]",3,5
05CGGF05,123,2.670434554,1209.59,2,"(-2.07,0.086]","(53.6,64.8]",2,3
05CGGF06,489,2.127633645,748.6,0,"(-2.07,0.086]","(64.8,82.1]",2,4
05CGGF07,169,1.924526967,795.08,2,"(-2.07,0.086]","(64.8,82.1]",2,4
05CGGF08,881,1.35053634,910.39,3,"[-6.54,-2.07]","(53.6,64.8]",1,3
05CGGF09,53,1.829647779,671.61,1,"(0.086,3.11]","(64.8,82.1]",3,4
05CGGF10,483,3.021607089,975.33,1,"(0.086,3.11]","(64.8,82.1]",3,4
05CGGF11,165,3.460088883,1086.71,3,"(3.11,5.44]","(64.8,82.1]",4,4
05CGGF12,178,5.771327912,1193.04,4,"(5.44,9.2]","(82.1,243]",5,5
05CGGF13,526,1.448529806,587.17,1,"(-2.07,0.086]","(53.6,64.8]",2,3
05CGGF14,531,2.093592619,605.14,2,"(0.086,3.11]","(64.8,82.1]",3,4
05CGGF15,534,5.685054837,904.18,8,"(0.086,3.11]","(64.8,82.1]",3,4
05CGGF16,540,1.432799921,777.4,1,"[-6.54,-2.07]","(53.6,64.8]",1,3
05CGGF17,896,3.439473496,824.1,1,"(0.086,3.11]","(64.8,82.1]",3,4
05CGGF18,837,1.934078403,705.28,1,"(0.086,3.11]","(64.8,82.1]",3,4
05CGGF19,836,2.581088934,729.43,2,"(0.086,3.11]","(64.8,82.1]",3,4
05CGGF20,533,3.271145674,1547.09,3,"[-6.54,-2.07]","(53.6,64.8]",1,3
05CGGF21,149,1.43793291,859.09,2,"[-6.54,-2.07]","(41.4,53.6]",1,2
05CGGF22,520,1.608233877,738.85,0,"(-2.07,0.086]","(41.4,53.6]",2,2
05CGGF23,835,6.542317514,1398.42,9,"(0.086,3.11]","(53.6,64.8]",3,3
05CGGF24,126,1.966998849,695.26,3,"(-2.07,0.086]","(64.8,82.1]",2,4
05CGGF25,519,2.642843485,717.54,1,"(0.086,3.11]","(64.8,82.1]",3,4
05CGGF26,495,3.454034608,1090.12,8,"(3.11,5.44]","(64.8,82.1]",4,4
05CGGF27,244,1.404474117,877.17,1,"(3.11,5.44]","(41.4,53.6]",4,2
05CGGF28,833,3.583909774,1287.97,4,"(0.086,3.11]","(53.6,64.8]",3,3
05CGGF29,513,4.406739954,1015.55,6,"(0.086,3.11]","(53.6,64.8]",3,3
05CGGF30,428,2.294311034,774,1,"(-2.07,0.086]","(64.8,82.1]",2,4
05CGGF31,480,2.509142443,832.28,0,"(0.086,3.11]","(64.8,82.1]",3,4
05CGGF32,419,4.283665292,1523.92,4,"(3.11,5.44]","(41.4,53.6]",4,2
05CGGF33,463,3.213360841,932.95,2,"[-6.54,-2.07]","(53.6,64.8]",1,3
05CGGF34,425,2.673280216,792.25,1,"(-2.07,0.086]","(53.6,64.8]",2,3
05CGGF35,59,1.546132166,1029.59,1,"(-2.07,0.086]","(41.4,53.6]",2,2
05CGGF36,976,3.597132223,904.43,1,"(-2.07,0.086]","(53.6,64.8]",2,3
